<annotation>
	<folder>my-project-name</folder>
	<filename>Damaged_0_2986.jpeg</filename>
	<path>/my-project-name/Damaged_0_2986.jpeg</path>
	<source>
		<database>Unspecified</database>
	</source>
	<size>
		<width>259</width>
		<height>194</height>
		<depth>3</depth>
	</size>
	<object>
		<name>Damaged</name>
		<pose>Unspecified</pose>
		<truncated>0</truncated>
		<difficult>0</difficult>
		<bndbox>
			<xmin>100</xmin>
			<ymin>77</ymin>
			<xmax>179</xmax>
			<ymax>158</ymax>
		</bndbox>
	</object>
	<object>
		<name>Damaged</name>
		<pose>Unspecified</pose>
		<truncated>0</truncated>
		<difficult>0</difficult>
		<bndbox>
			<xmin>134</xmin>
			<ymin>45</ymin>
			<xmax>206</xmax>
			<ymax>100</ymax>
		</bndbox>
	</object>
</annotation>