<annotation>
	<folder>my-project-name</folder>
	<filename>Damaged_0_216.jpeg</filename>
	<path>/my-project-name/Damaged_0_216.jpeg</path>
	<source>
		<database>Unspecified</database>
	</source>
	<size>
		<width>259</width>
		<height>194</height>
		<depth>3</depth>
	</size>
	<object>
		<name>Damaged</name>
		<pose>Unspecified</pose>
		<truncated>0</truncated>
		<difficult>0</difficult>
		<bndbox>
			<xmin>14</xmin>
			<ymin>137</ymin>
			<xmax>77</xmax>
			<ymax>154</ymax>
		</bndbox>
	</object>
	<object>
		<name>Damaged</name>
		<pose>Unspecified</pose>
		<truncated>0</truncated>
		<difficult>0</difficult>
		<bndbox>
			<xmin>37</xmin>
			<ymin>111</ymin>
			<xmax>50</xmax>
			<ymax>129</ymax>
		</bndbox>
	</object>
</annotation>