<annotation>
	<folder>my-project-name</folder>
	<filename>Damaged_0_1629.jpeg</filename>
	<path>/my-project-name/Damaged_0_1629.jpeg</path>
	<source>
		<database>Unspecified</database>
	</source>
	<size>
		<width>261</width>
		<height>193</height>
		<depth>3</depth>
	</size>
	<object>
		<name>Damaged</name>
		<pose>Unspecified</pose>
		<truncated>0</truncated>
		<difficult>0</difficult>
		<bndbox>
			<xmin>75</xmin>
			<ymin>85</ymin>
			<xmax>210</xmax>
			<ymax>155</ymax>
		</bndbox>
	</object>
</annotation>