<annotation>
	<folder>my-project-name</folder>
	<filename>Damaged_0_2667.jpeg</filename>
	<path>/my-project-name/Damaged_0_2667.jpeg</path>
	<source>
		<database>Unspecified</database>
	</source>
	<size>
		<width>259</width>
		<height>194</height>
		<depth>3</depth>
	</size>
	<object>
		<name>Damaged</name>
		<pose>Unspecified</pose>
		<truncated>0</truncated>
		<difficult>0</difficult>
		<bndbox>
			<xmin>162</xmin>
			<ymin>59</ymin>
			<xmax>251</xmax>
			<ymax>109</ymax>
		</bndbox>
	</object>
	<object>
		<name>Damaged</name>
		<pose>Unspecified</pose>
		<truncated>0</truncated>
		<difficult>0</difficult>
		<bndbox>
			<xmin>201</xmin>
			<ymin>45</ymin>
			<xmax>259</xmax>
			<ymax>62</ymax>
		</bndbox>
	</object>
	<object>
		<name>Damaged</name>
		<pose>Unspecified</pose>
		<truncated>0</truncated>
		<difficult>0</difficult>
		<bndbox>
			<xmin>204</xmin>
			<ymin>17</ymin>
			<xmax>259</xmax>
			<ymax>51</ymax>
		</bndbox>
	</object>
</annotation>