<annotation>
	<folder>my-project-name</folder>
	<filename>Damaged_0_2169.jpeg</filename>
	<path>/my-project-name/Damaged_0_2169.jpeg</path>
	<source>
		<database>Unspecified</database>
	</source>
	<size>
		<width>303</width>
		<height>166</height>
		<depth>3</depth>
	</size>
	<object>
		<name>Damaged</name>
		<pose>Unspecified</pose>
		<truncated>0</truncated>
		<difficult>0</difficult>
		<bndbox>
			<xmin>39</xmin>
			<ymin>45</ymin>
			<xmax>204</xmax>
			<ymax>124</ymax>
		</bndbox>
	</object>
	<object>
		<name>Damaged</name>
		<pose>Unspecified</pose>
		<truncated>0</truncated>
		<difficult>0</difficult>
		<bndbox>
			<xmin>101</xmin>
			<ymin>115</ymin>
			<xmax>140</xmax>
			<ymax>149</ymax>
		</bndbox>
	</object>
</annotation>