<annotation>
	<folder>my-project-name</folder>
	<filename>Damaged_0_2039.jpeg</filename>
	<path>/my-project-name/Damaged_0_2039.jpeg</path>
	<source>
		<database>Unspecified</database>
	</source>
	<size>
		<width>276</width>
		<height>183</height>
		<depth>3</depth>
	</size>
	<object>
		<name>Damaged</name>
		<pose>Unspecified</pose>
		<truncated>0</truncated>
		<difficult>0</difficult>
		<bndbox>
			<xmin>73</xmin>
			<ymin>87</ymin>
			<xmax>133</xmax>
			<ymax>153</ymax>
		</bndbox>
	</object>
	<object>
		<name>Damaged</name>
		<pose>Unspecified</pose>
		<truncated>0</truncated>
		<difficult>0</difficult>
		<bndbox>
			<xmin>184</xmin>
			<ymin>65</ymin>
			<xmax>196</xmax>
			<ymax>133</ymax>
		</bndbox>
	</object>
	<object>
		<name>Damaged</name>
		<pose>Unspecified</pose>
		<truncated>0</truncated>
		<difficult>0</difficult>
		<bndbox>
			<xmin>100</xmin>
			<ymin>73</ymin>
			<xmax>146</xmax>
			<ymax>87</ymax>
		</bndbox>
	</object>
</annotation>