<annotation>
	<folder>my-project-name</folder>
	<filename>Damaged_0_1290.jpeg</filename>
	<path>/my-project-name/Damaged_0_1290.jpeg</path>
	<source>
		<database>Unspecified</database>
	</source>
	<size>
		<width>275</width>
		<height>183</height>
		<depth>3</depth>
	</size>
	<object>
		<name>Damaged</name>
		<pose>Unspecified</pose>
		<truncated>0</truncated>
		<difficult>0</difficult>
		<bndbox>
			<xmin>124</xmin>
			<ymin>43</ymin>
			<xmax>249</xmax>
			<ymax>176</ymax>
		</bndbox>
	</object>
	<object>
		<name>Damaged</name>
		<pose>Unspecified</pose>
		<truncated>0</truncated>
		<difficult>0</difficult>
		<bndbox>
			<xmin>150</xmin>
			<ymin>15</ymin>
			<xmax>209</xmax>
			<ymax>46</ymax>
		</bndbox>
	</object>
</annotation>