<annotation>
	<folder>my-project-name</folder>
	<filename>Damaged_0_1670.jpeg</filename>
	<path>/my-project-name/Damaged_0_1670.jpeg</path>
	<source>
		<database>Unspecified</database>
	</source>
	<size>
		<width>258</width>
		<height>196</height>
		<depth>3</depth>
	</size>
	<object>
		<name>Damaged</name>
		<pose>Unspecified</pose>
		<truncated>0</truncated>
		<difficult>0</difficult>
		<bndbox>
			<xmin>127</xmin>
			<ymin>73</ymin>
			<xmax>179</xmax>
			<ymax>139</ymax>
		</bndbox>
	</object>
	<object>
		<name>Damaged</name>
		<pose>Unspecified</pose>
		<truncated>0</truncated>
		<difficult>0</difficult>
		<bndbox>
			<xmin>186</xmin>
			<ymin>82</ymin>
			<xmax>255</xmax>
			<ymax>143</ymax>
		</bndbox>
	</object>
</annotation>