<annotation>
	<folder>my-project-name</folder>
	<filename>Damaged_0_1579.jpeg</filename>
	<path>/my-project-name/Damaged_0_1579.jpeg</path>
	<source>
		<database>Unspecified</database>
	</source>
	<size>
		<width>259</width>
		<height>194</height>
		<depth>3</depth>
	</size>
	<object>
		<name>Damaged</name>
		<pose>Unspecified</pose>
		<truncated>0</truncated>
		<difficult>0</difficult>
		<bndbox>
			<xmin>94</xmin>
			<ymin>102</ymin>
			<xmax>235</xmax>
			<ymax>164</ymax>
		</bndbox>
	</object>
	<object>
		<name>Damaged</name>
		<pose>Unspecified</pose>
		<truncated>0</truncated>
		<difficult>0</difficult>
		<bndbox>
			<xmin>101</xmin>
			<ymin>62</ymin>
			<xmax>161</xmax>
			<ymax>108</ymax>
		</bndbox>
	</object>
</annotation>