<annotation>
	<folder>my-project-name</folder>
	<filename>Damaged_0_1513.jpeg</filename>
	<path>/my-project-name/Damaged_0_1513.jpeg</path>
	<source>
		<database>Unspecified</database>
	</source>
	<size>
		<width>225</width>
		<height>225</height>
		<depth>3</depth>
	</size>
	<object>
		<name>Damaged</name>
		<pose>Unspecified</pose>
		<truncated>0</truncated>
		<difficult>0</difficult>
		<bndbox>
			<xmin>32</xmin>
			<ymin>10</ymin>
			<xmax>225</xmax>
			<ymax>80</ymax>
		</bndbox>
	</object>
	<object>
		<name>Damaged</name>
		<pose>Unspecified</pose>
		<truncated>0</truncated>
		<difficult>0</difficult>
		<bndbox>
			<xmin>130</xmin>
			<ymin>2</ymin>
			<xmax>191</xmax>
			<ymax>18</ymax>
		</bndbox>
	</object>
	<object>
		<name>Damaged</name>
		<pose>Unspecified</pose>
		<truncated>0</truncated>
		<difficult>0</difficult>
		<bndbox>
			<xmin>4</xmin>
			<ymin>60</ymin>
			<xmax>32</xmax>
			<ymax>118</ymax>
		</bndbox>
	</object>
</annotation>