<annotation>
	<folder>my-project-name</folder>
	<filename>Damaged_0_2421.jpeg</filename>
	<path>/my-project-name/Damaged_0_2421.jpeg</path>
	<source>
		<database>Unspecified</database>
	</source>
	<size>
		<width>278</width>
		<height>181</height>
		<depth>3</depth>
	</size>
	<object>
		<name>Damaged</name>
		<pose>Unspecified</pose>
		<truncated>0</truncated>
		<difficult>0</difficult>
		<bndbox>
			<xmin>82</xmin>
			<ymin>78</ymin>
			<xmax>195</xmax>
			<ymax>181</ymax>
		</bndbox>
	</object>
	<object>
		<name>Damaged</name>
		<pose>Unspecified</pose>
		<truncated>0</truncated>
		<difficult>0</difficult>
		<bndbox>
			<xmin>1</xmin>
			<ymin>82</ymin>
			<xmax>80</xmax>
			<ymax>114</ymax>
		</bndbox>
	</object>
	<object>
		<name>Damaged</name>
		<pose>Unspecified</pose>
		<truncated>0</truncated>
		<difficult>0</difficult>
		<bndbox>
			<xmin>4</xmin>
			<ymin>120</ymin>
			<xmax>36</xmax>
			<ymax>173</ymax>
		</bndbox>
	</object>
</annotation>