<annotation>
	<folder>my-project-name</folder>
	<filename>Damaged_0_3058.jpeg</filename>
	<path>/my-project-name/Damaged_0_3058.jpeg</path>
	<source>
		<database>Unspecified</database>
	</source>
	<size>
		<width>304</width>
		<height>166</height>
		<depth>3</depth>
	</size>
	<object>
		<name>Damaged</name>
		<pose>Unspecified</pose>
		<truncated>0</truncated>
		<difficult>0</difficult>
		<bndbox>
			<xmin>168</xmin>
			<ymin>114</ymin>
			<xmax>304</xmax>
			<ymax>166</ymax>
		</bndbox>
	</object>
	<object>
		<name>Damaged</name>
		<pose>Unspecified</pose>
		<truncated>0</truncated>
		<difficult>0</difficult>
		<bndbox>
			<xmin>67</xmin>
			<ymin>116</ymin>
			<xmax>120</xmax>
			<ymax>166</ymax>
		</bndbox>
	</object>
	<object>
		<name>Damaged</name>
		<pose>Unspecified</pose>
		<truncated>0</truncated>
		<difficult>0</difficult>
		<bndbox>
			<xmin>126</xmin>
			<ymin>137</ymin>
			<xmax>165</xmax>
			<ymax>162</ymax>
		</bndbox>
	</object>
	<object>
		<name>Damaged</name>
		<pose>Unspecified</pose>
		<truncated>0</truncated>
		<difficult>0</difficult>
		<bndbox>
			<xmin>128</xmin>
			<ymin>113</ymin>
			<xmax>170</xmax>
			<ymax>135</ymax>
		</bndbox>
	</object>
</annotation>