<annotation>
	<folder>my-project-name</folder>
	<filename>Damaged_0_201.jpeg</filename>
	<path>/my-project-name/Damaged_0_201.jpeg</path>
	<source>
		<database>Unspecified</database>
	</source>
	<size>
		<width>260</width>
		<height>194</height>
		<depth>3</depth>
	</size>
	<object>
		<name>Damaged</name>
		<pose>Unspecified</pose>
		<truncated>0</truncated>
		<difficult>0</difficult>
		<bndbox>
			<xmin>23</xmin>
			<ymin>70</ymin>
			<xmax>48</xmax>
			<ymax>144</ymax>
		</bndbox>
	</object>
	<object>
		<name>Damaged</name>
		<pose>Unspecified</pose>
		<truncated>0</truncated>
		<difficult>0</difficult>
		<bndbox>
			<xmin>53</xmin>
			<ymin>65</ymin>
			<xmax>125</xmax>
			<ymax>173</ymax>
		</bndbox>
	</object>
</annotation>