<annotation>
	<folder>my-project-name</folder>
	<filename>Damaged_0_2034.jpeg</filename>
	<path>/my-project-name/Damaged_0_2034.jpeg</path>
	<source>
		<database>Unspecified</database>
	</source>
	<size>
		<width>251</width>
		<height>201</height>
		<depth>3</depth>
	</size>
	<object>
		<name>Damaged</name>
		<pose>Unspecified</pose>
		<truncated>0</truncated>
		<difficult>0</difficult>
		<bndbox>
			<xmin>97</xmin>
			<ymin>169</ymin>
			<xmax>177</xmax>
			<ymax>195</ymax>
		</bndbox>
	</object>
</annotation>