<annotation>
	<folder>my-project-name</folder>
	<filename>Damaged_0_1297.jpeg</filename>
	<path>/my-project-name/Damaged_0_1297.jpeg</path>
	<source>
		<database>Unspecified</database>
	</source>
	<size>
		<width>259</width>
		<height>194</height>
		<depth>3</depth>
	</size>
	<object>
		<name>Damaged</name>
		<pose>Unspecified</pose>
		<truncated>0</truncated>
		<difficult>0</difficult>
		<bndbox>
			<xmin>125</xmin>
			<ymin>50</ymin>
			<xmax>162</xmax>
			<ymax>103</ymax>
		</bndbox>
	</object>
	<object>
		<name>Damaged</name>
		<pose>Unspecified</pose>
		<truncated>0</truncated>
		<difficult>0</difficult>
		<bndbox>
			<xmin>170</xmin>
			<ymin>66</ymin>
			<xmax>205</xmax>
			<ymax>104</ymax>
		</bndbox>
	</object>
	<object>
		<name>Damaged</name>
		<pose>Unspecified</pose>
		<truncated>0</truncated>
		<difficult>0</difficult>
		<bndbox>
			<xmin>3</xmin>
			<ymin>113</ymin>
			<xmax>145</xmax>
			<ymax>178</ymax>
		</bndbox>
	</object>
</annotation>