<annotation>
	<folder>my-project-name</folder>
	<filename>Damaged_0_153.jpeg</filename>
	<path>/my-project-name/Damaged_0_153.jpeg</path>
	<source>
		<database>Unspecified</database>
	</source>
	<size>
		<width>254</width>
		<height>198</height>
		<depth>3</depth>
	</size>
	<object>
		<name>Damaged</name>
		<pose>Unspecified</pose>
		<truncated>0</truncated>
		<difficult>0</difficult>
		<bndbox>
			<xmin>5</xmin>
			<ymin>99</ymin>
			<xmax>254</xmax>
			<ymax>198</ymax>
		</bndbox>
	</object>
</annotation>