<annotation>
	<folder>my-project-name</folder>
	<filename>Damaged_0_1582.jpeg</filename>
	<path>/my-project-name/Damaged_0_1582.jpeg</path>
	<source>
		<database>Unspecified</database>
	</source>
	<size>
		<width>294</width>
		<height>171</height>
		<depth>3</depth>
	</size>
	<object>
		<name>Damaged</name>
		<pose>Unspecified</pose>
		<truncated>0</truncated>
		<difficult>0</difficult>
		<bndbox>
			<xmin>98</xmin>
			<ymin>4</ymin>
			<xmax>180</xmax>
			<ymax>61</ymax>
		</bndbox>
	</object>
	<object>
		<name>Damaged</name>
		<pose>Unspecified</pose>
		<truncated>0</truncated>
		<difficult>0</difficult>
		<bndbox>
			<xmin>104</xmin>
			<ymin>65</ymin>
			<xmax>156</xmax>
			<ymax>93</ymax>
		</bndbox>
	</object>
</annotation>