<annotation>
	<folder>my-project-name</folder>
	<filename>Damaged_0_1995.jpeg</filename>
	<path>/my-project-name/Damaged_0_1995.jpeg</path>
	<source>
		<database>Unspecified</database>
	</source>
	<size>
		<width>194</width>
		<height>259</height>
		<depth>3</depth>
	</size>
	<object>
		<name>Damaged</name>
		<pose>Unspecified</pose>
		<truncated>0</truncated>
		<difficult>0</difficult>
		<bndbox>
			<xmin>99</xmin>
			<ymin>43</ymin>
			<xmax>182</xmax>
			<ymax>85</ymax>
		</bndbox>
	</object>
</annotation>