<annotation>
	<folder>my-project-name</folder>
	<filename>Damaged_0_3095.jpeg</filename>
	<path>/my-project-name/Damaged_0_3095.jpeg</path>
	<source>
		<database>Unspecified</database>
	</source>
	<size>
		<width>379</width>
		<height>133</height>
		<depth>3</depth>
	</size>
	<object>
		<name>Damaged</name>
		<pose>Unspecified</pose>
		<truncated>0</truncated>
		<difficult>0</difficult>
		<bndbox>
			<xmin>255</xmin>
			<ymin>93</ymin>
			<xmax>320</xmax>
			<ymax>113</ymax>
		</bndbox>
	</object>
	<object>
		<name>Damaged</name>
		<pose>Unspecified</pose>
		<truncated>0</truncated>
		<difficult>0</difficult>
		<bndbox>
			<xmin>221</xmin>
			<ymin>103</ymin>
			<xmax>258</xmax>
			<ymax>133</ymax>
		</bndbox>
	</object>
	<object>
		<name>Damaged</name>
		<pose>Unspecified</pose>
		<truncated>0</truncated>
		<difficult>0</difficult>
		<bndbox>
			<xmin>341</xmin>
			<ymin>82</ymin>
			<xmax>370</xmax>
			<ymax>96</ymax>
		</bndbox>
	</object>
	<object>
		<name>Damaged</name>
		<pose>Unspecified</pose>
		<truncated>0</truncated>
		<difficult>0</difficult>
		<bndbox>
			<xmin>297</xmin>
			<ymin>74</ymin>
			<xmax>328</xmax>
			<ymax>86</ymax>
		</bndbox>
	</object>
</annotation>