<annotation>
	<folder>my-project-name</folder>
	<filename>Damaged_0_101.jpeg</filename>
	<path>/my-project-name/Damaged_0_101.jpeg</path>
	<source>
		<database>Unspecified</database>
	</source>
	<size>
		<width>220</width>
		<height>229</height>
		<depth>3</depth>
	</size>
	<object>
		<name>Damaged</name>
		<pose>Unspecified</pose>
		<truncated>0</truncated>
		<difficult>0</difficult>
		<bndbox>
			<xmin>7</xmin>
			<ymin>48</ymin>
			<xmax>119</xmax>
			<ymax>217</ymax>
		</bndbox>
	</object>
</annotation>