<annotation>
	<folder>my-project-name</folder>
	<filename>Damaged_0_3004.jpeg</filename>
	<path>/my-project-name/Damaged_0_3004.jpeg</path>
	<source>
		<database>Unspecified</database>
	</source>
	<size>
		<width>328</width>
		<height>154</height>
		<depth>3</depth>
	</size>
	<object>
		<name>Damaged</name>
		<pose>Unspecified</pose>
		<truncated>0</truncated>
		<difficult>0</difficult>
		<bndbox>
			<xmin>208</xmin>
			<ymin>110</ymin>
			<xmax>296</xmax>
			<ymax>154</ymax>
		</bndbox>
	</object>
</annotation>