<annotation>
	<folder>my-project-name</folder>
	<filename>Damaged_0_2748.jpeg</filename>
	<path>/my-project-name/Damaged_0_2748.jpeg</path>
	<source>
		<database>Unspecified</database>
	</source>
	<size>
		<width>275</width>
		<height>183</height>
		<depth>3</depth>
	</size>
	<object>
		<name>Damaged</name>
		<pose>Unspecified</pose>
		<truncated>0</truncated>
		<difficult>0</difficult>
		<bndbox>
			<xmin>58</xmin>
			<ymin>37</ymin>
			<xmax>165</xmax>
			<ymax>147</ymax>
		</bndbox>
	</object>
	<object>
		<name>Damaged</name>
		<pose>Unspecified</pose>
		<truncated>0</truncated>
		<difficult>0</difficult>
		<bndbox>
			<xmin>56</xmin>
			<ymin>18</ymin>
			<xmax>97</xmax>
			<ymax>51</ymax>
		</bndbox>
	</object>
	<object>
		<name>Damaged</name>
		<pose>Unspecified</pose>
		<truncated>0</truncated>
		<difficult>0</difficult>
		<bndbox>
			<xmin>185</xmin>
			<ymin>71</ymin>
			<xmax>229</xmax>
			<ymax>104</ymax>
		</bndbox>
	</object>
</annotation>