<annotation>
	<folder>my-project-name</folder>
	<filename>Damaged_0_2415.jpeg</filename>
	<path>/my-project-name/Damaged_0_2415.jpeg</path>
	<source>
		<database>Unspecified</database>
	</source>
	<size>
		<width>180</width>
		<height>281</height>
		<depth>3</depth>
	</size>
	<object>
		<name>Damaged</name>
		<pose>Unspecified</pose>
		<truncated>0</truncated>
		<difficult>0</difficult>
		<bndbox>
			<xmin>21</xmin>
			<ymin>72</ymin>
			<xmax>115</xmax>
			<ymax>207</ymax>
		</bndbox>
	</object>
</annotation>