<annotation>
	<folder>my-project-name</folder>
	<filename>Damaged_0_2546.jpeg</filename>
	<path>/my-project-name/Damaged_0_2546.jpeg</path>
	<source>
		<database>Unspecified</database>
	</source>
	<size>
		<width>267</width>
		<height>188</height>
		<depth>3</depth>
	</size>
	<object>
		<name>Damaged</name>
		<pose>Unspecified</pose>
		<truncated>0</truncated>
		<difficult>0</difficult>
		<bndbox>
			<xmin>55</xmin>
			<ymin>92</ymin>
			<xmax>176</xmax>
			<ymax>128</ymax>
		</bndbox>
	</object>
	<object>
		<name>Damaged</name>
		<pose>Unspecified</pose>
		<truncated>0</truncated>
		<difficult>0</difficult>
		<bndbox>
			<xmin>44</xmin>
			<ymin>141</ymin>
			<xmax>136</xmax>
			<ymax>188</ymax>
		</bndbox>
	</object>
</annotation>