<annotation>
	<folder>my-project-name</folder>
	<filename>Damaged_0_2783.jpeg</filename>
	<path>/my-project-name/Damaged_0_2783.jpeg</path>
	<source>
		<database>Unspecified</database>
	</source>
	<size>
		<width>262</width>
		<height>192</height>
		<depth>3</depth>
	</size>
	<object>
		<name>Damaged</name>
		<pose>Unspecified</pose>
		<truncated>0</truncated>
		<difficult>0</difficult>
		<bndbox>
			<xmin>102</xmin>
			<ymin>62</ymin>
			<xmax>205</xmax>
			<ymax>127</ymax>
		</bndbox>
	</object>
</annotation>