<annotation>
	<folder>my-project-name</folder>
	<filename>Damaged_0_2547.jpeg</filename>
	<path>/my-project-name/Damaged_0_2547.jpeg</path>
	<source>
		<database>Unspecified</database>
	</source>
	<size>
		<width>316</width>
		<height>159</height>
		<depth>3</depth>
	</size>
	<object>
		<name>Damaged</name>
		<pose>Unspecified</pose>
		<truncated>0</truncated>
		<difficult>0</difficult>
		<bndbox>
			<xmin>45</xmin>
			<ymin>81</ymin>
			<xmax>124</xmax>
			<ymax>159</ymax>
		</bndbox>
	</object>
	<object>
		<name>Damaged</name>
		<pose>Unspecified</pose>
		<truncated>0</truncated>
		<difficult>0</difficult>
		<bndbox>
			<xmin>106</xmin>
			<ymin>32</ymin>
			<xmax>196</xmax>
			<ymax>84</ymax>
		</bndbox>
	</object>
</annotation>