<annotation>
	<folder>my-project-name</folder>
	<filename>Damaged_0_1244.jpeg</filename>
	<path>/my-project-name/Damaged_0_1244.jpeg</path>
	<source>
		<database>Unspecified</database>
	</source>
	<size>
		<width>300</width>
		<height>168</height>
		<depth>3</depth>
	</size>
	<object>
		<name>Damaged</name>
		<pose>Unspecified</pose>
		<truncated>0</truncated>
		<difficult>0</difficult>
		<bndbox>
			<xmin>77</xmin>
			<ymin>63</ymin>
			<xmax>256</xmax>
			<ymax>136</ymax>
		</bndbox>
	</object>
	<object>
		<name>Damaged</name>
		<pose>Unspecified</pose>
		<truncated>0</truncated>
		<difficult>0</difficult>
		<bndbox>
			<xmin>189</xmin>
			<ymin>20</ymin>
			<xmax>255</xmax>
			<ymax>68</ymax>
		</bndbox>
	</object>
</annotation>