<annotation>
	<folder>my-project-name</folder>
	<filename>Damaged_0_1696.jpeg</filename>
	<path>/my-project-name/Damaged_0_1696.jpeg</path>
	<source>
		<database>Unspecified</database>
	</source>
	<size>
		<width>300</width>
		<height>168</height>
		<depth>3</depth>
	</size>
	<object>
		<name>Damaged</name>
		<pose>Unspecified</pose>
		<truncated>0</truncated>
		<difficult>0</difficult>
		<bndbox>
			<xmin>149</xmin>
			<ymin>5</ymin>
			<xmax>257</xmax>
			<ymax>114</ymax>
		</bndbox>
	</object>
</annotation>