<annotation>
	<folder>my-project-name</folder>
	<filename>Damaged_0_2050.jpeg</filename>
	<path>/my-project-name/Damaged_0_2050.jpeg</path>
	<source>
		<database>Unspecified</database>
	</source>
	<size>
		<width>168</width>
		<height>300</height>
		<depth>3</depth>
	</size>
	<object>
		<name>Damaged</name>
		<pose>Unspecified</pose>
		<truncated>0</truncated>
		<difficult>0</difficult>
		<bndbox>
			<xmin>27</xmin>
			<ymin>107</ymin>
			<xmax>120</xmax>
			<ymax>181</ymax>
		</bndbox>
	</object>
</annotation>