<annotation>
	<folder>my-project-name</folder>
	<filename>Damaged_0_2628.jpeg</filename>
	<path>/my-project-name/Damaged_0_2628.jpeg</path>
	<source>
		<database>Unspecified</database>
	</source>
	<size>
		<width>326</width>
		<height>155</height>
		<depth>3</depth>
	</size>
	<object>
		<name>Damaged</name>
		<pose>Unspecified</pose>
		<truncated>0</truncated>
		<difficult>0</difficult>
		<bndbox>
			<xmin>100</xmin>
			<ymin>1</ymin>
			<xmax>312</xmax>
			<ymax>97</ymax>
		</bndbox>
	</object>
</annotation>