<annotation>
	<folder>my-project-name</folder>
	<filename>Damaged_0_2341.jpeg</filename>
	<path>/my-project-name/Damaged_0_2341.jpeg</path>
	<source>
		<database>Unspecified</database>
	</source>
	<size>
		<width>273</width>
		<height>184</height>
		<depth>3</depth>
	</size>
	<object>
		<name>Damaged</name>
		<pose>Unspecified</pose>
		<truncated>0</truncated>
		<difficult>0</difficult>
		<bndbox>
			<xmin>190</xmin>
			<ymin>116</ymin>
			<xmax>273</xmax>
			<ymax>184</ymax>
		</bndbox>
	</object>
</annotation>