<annotation>
	<folder>my-project-name</folder>
	<filename>Damaged_0_189.jpeg</filename>
	<path>/my-project-name/Damaged_0_189.jpeg</path>
	<source>
		<database>Unspecified</database>
	</source>
	<size>
		<width>259</width>
		<height>194</height>
		<depth>3</depth>
	</size>
	<object>
		<name>Damaged</name>
		<pose>Unspecified</pose>
		<truncated>0</truncated>
		<difficult>0</difficult>
		<bndbox>
			<xmin>116</xmin>
			<ymin>15</ymin>
			<xmax>184</xmax>
			<ymax>168</ymax>
		</bndbox>
	</object>
	<object>
		<name>Damaged</name>
		<pose>Unspecified</pose>
		<truncated>0</truncated>
		<difficult>0</difficult>
		<bndbox>
			<xmin>50</xmin>
			<ymin>163</ymin>
			<xmax>94</xmax>
			<ymax>192</ymax>
		</bndbox>
	</object>
	<object>
		<name>Damaged</name>
		<pose>Unspecified</pose>
		<truncated>0</truncated>
		<difficult>0</difficult>
		<bndbox>
			<xmin>24</xmin>
			<ymin>93</ymin>
			<xmax>85</xmax>
			<ymax>147</ymax>
		</bndbox>
	</object>
</annotation>