<annotation>
	<folder>my-project-name</folder>
	<filename>Damaged_0_1375.jpeg</filename>
	<path>/my-project-name/Damaged_0_1375.jpeg</path>
	<source>
		<database>Unspecified</database>
	</source>
	<size>
		<width>259</width>
		<height>194</height>
		<depth>3</depth>
	</size>
	<object>
		<name>Damaged</name>
		<pose>Unspecified</pose>
		<truncated>0</truncated>
		<difficult>0</difficult>
		<bndbox>
			<xmin>18</xmin>
			<ymin>19</ymin>
			<xmax>160</xmax>
			<ymax>143</ymax>
		</bndbox>
	</object>
	<object>
		<name>Damaged</name>
		<pose>Unspecified</pose>
		<truncated>0</truncated>
		<difficult>0</difficult>
		<bndbox>
			<xmin>161</xmin>
			<ymin>1</ymin>
			<xmax>247</xmax>
			<ymax>72</ymax>
		</bndbox>
	</object>
</annotation>