<annotation>
	<folder>my-project-name</folder>
	<filename>Damaged_0_1295.jpeg</filename>
	<path>/my-project-name/Damaged_0_1295.jpeg</path>
	<source>
		<database>Unspecified</database>
	</source>
	<size>
		<width>260</width>
		<height>194</height>
		<depth>3</depth>
	</size>
	<object>
		<name>Damaged</name>
		<pose>Unspecified</pose>
		<truncated>0</truncated>
		<difficult>0</difficult>
		<bndbox>
			<xmin>73</xmin>
			<ymin>57</ymin>
			<xmax>244</xmax>
			<ymax>80</ymax>
		</bndbox>
	</object>
	<object>
		<name>Damaged</name>
		<pose>Unspecified</pose>
		<truncated>0</truncated>
		<difficult>0</difficult>
		<bndbox>
			<xmin>200</xmin>
			<ymin>67</ymin>
			<xmax>229</xmax>
			<ymax>97</ymax>
		</bndbox>
	</object>
</annotation>