<annotation>
	<folder>my-project-name</folder>
	<filename>Damaged_0_2528.jpeg</filename>
	<path>/my-project-name/Damaged_0_2528.jpeg</path>
	<source>
		<database>Unspecified</database>
	</source>
	<size>
		<width>285</width>
		<height>177</height>
		<depth>3</depth>
	</size>
	<object>
		<name>Damaged</name>
		<pose>Unspecified</pose>
		<truncated>0</truncated>
		<difficult>0</difficult>
		<bndbox>
			<xmin>50</xmin>
			<ymin>108</ymin>
			<xmax>87</xmax>
			<ymax>168</ymax>
		</bndbox>
	</object>
</annotation>