<annotation>
	<folder>my-project-name</folder>
	<filename>Damaged_0_2325.jpeg</filename>
	<path>/my-project-name/Damaged_0_2325.jpeg</path>
	<source>
		<database>Unspecified</database>
	</source>
	<size>
		<width>259</width>
		<height>194</height>
		<depth>3</depth>
	</size>
	<object>
		<name>Damaged</name>
		<pose>Unspecified</pose>
		<truncated>0</truncated>
		<difficult>0</difficult>
		<bndbox>
			<xmin>60</xmin>
			<ymin>31</ymin>
			<xmax>177</xmax>
			<ymax>52</ymax>
		</bndbox>
	</object>
	<object>
		<name>Damaged</name>
		<pose>Unspecified</pose>
		<truncated>0</truncated>
		<difficult>0</difficult>
		<bndbox>
			<xmin>46</xmin>
			<ymin>58</ymin>
			<xmax>135</xmax>
			<ymax>90</ymax>
		</bndbox>
	</object>
</annotation>