<annotation>
	<folder>my-project-name</folder>
	<filename>Damaged_0_1121.jpeg</filename>
	<path>/my-project-name/Damaged_0_1121.jpeg</path>
	<source>
		<database>Unspecified</database>
	</source>
	<size>
		<width>259</width>
		<height>194</height>
		<depth>3</depth>
	</size>
	<object>
		<name>Damaged</name>
		<pose>Unspecified</pose>
		<truncated>0</truncated>
		<difficult>0</difficult>
		<bndbox>
			<xmin>52</xmin>
			<ymin>74</ymin>
			<xmax>154</xmax>
			<ymax>151</ymax>
		</bndbox>
	</object>
</annotation>