<annotation>
	<folder>my-project-name</folder>
	<filename>Damaged_0_255.jpeg</filename>
	<path>/my-project-name/Damaged_0_255.jpeg</path>
	<source>
		<database>Unspecified</database>
	</source>
	<size>
		<width>275</width>
		<height>183</height>
		<depth>3</depth>
	</size>
	<object>
		<name>Damaged</name>
		<pose>Unspecified</pose>
		<truncated>0</truncated>
		<difficult>0</difficult>
		<bndbox>
			<xmin>85</xmin>
			<ymin>12</ymin>
			<xmax>203</xmax>
			<ymax>86</ymax>
		</bndbox>
	</object>
	<object>
		<name>Damaged</name>
		<pose>Unspecified</pose>
		<truncated>0</truncated>
		<difficult>0</difficult>
		<bndbox>
			<xmin>69</xmin>
			<ymin>109</ymin>
			<xmax>125</xmax>
			<ymax>147</ymax>
		</bndbox>
	</object>
	<object>
		<name>Damaged</name>
		<pose>Unspecified</pose>
		<truncated>0</truncated>
		<difficult>0</difficult>
		<bndbox>
			<xmin>159</xmin>
			<ymin>81</ymin>
			<xmax>261</xmax>
			<ymax>114</ymax>
		</bndbox>
	</object>
</annotation>