<annotation>
	<folder>my-project-name</folder>
	<filename>Damaged_0_2828.jpeg</filename>
	<path>/my-project-name/Damaged_0_2828.jpeg</path>
	<source>
		<database>Unspecified</database>
	</source>
	<size>
		<width>300</width>
		<height>168</height>
		<depth>3</depth>
	</size>
	<object>
		<name>Damaged</name>
		<pose>Unspecified</pose>
		<truncated>0</truncated>
		<difficult>0</difficult>
		<bndbox>
			<xmin>74</xmin>
			<ymin>40</ymin>
			<xmax>133</xmax>
			<ymax>142</ymax>
		</bndbox>
	</object>
	<object>
		<name>Damaged</name>
		<pose>Unspecified</pose>
		<truncated>0</truncated>
		<difficult>0</difficult>
		<bndbox>
			<xmin>169</xmin>
			<ymin>108</ymin>
			<xmax>202</xmax>
			<ymax>128</ymax>
		</bndbox>
	</object>
</annotation>