<annotation>
	<folder>my-project-name</folder>
	<filename>Damaged_0_2365.jpeg</filename>
	<path>/my-project-name/Damaged_0_2365.jpeg</path>
	<source>
		<database>Unspecified</database>
	</source>
	<size>
		<width>300</width>
		<height>168</height>
		<depth>3</depth>
	</size>
	<object>
		<name>Damaged</name>
		<pose>Unspecified</pose>
		<truncated>0</truncated>
		<difficult>0</difficult>
		<bndbox>
			<xmin>129</xmin>
			<ymin>29</ymin>
			<xmax>288</xmax>
			<ymax>141</ymax>
		</bndbox>
	</object>
</annotation>