<annotation>
	<folder>my-project-name</folder>
	<filename>Damaged_0_1389.jpeg</filename>
	<path>/my-project-name/Damaged_0_1389.jpeg</path>
	<source>
		<database>Unspecified</database>
	</source>
	<size>
		<width>300</width>
		<height>168</height>
		<depth>3</depth>
	</size>
	<object>
		<name>Damaged</name>
		<pose>Unspecified</pose>
		<truncated>0</truncated>
		<difficult>0</difficult>
		<bndbox>
			<xmin>126</xmin>
			<ymin>26</ymin>
			<xmax>154</xmax>
			<ymax>76</ymax>
		</bndbox>
	</object>
	<object>
		<name>Damaged</name>
		<pose>Unspecified</pose>
		<truncated>0</truncated>
		<difficult>0</difficult>
		<bndbox>
			<xmin>159</xmin>
			<ymin>102</ymin>
			<xmax>223</xmax>
			<ymax>130</ymax>
		</bndbox>
	</object>
</annotation>