<annotation>
	<folder>my-project-name</folder>
	<filename>Damaged_0_2627.jpeg</filename>
	<path>/my-project-name/Damaged_0_2627.jpeg</path>
	<source>
		<database>Unspecified</database>
	</source>
	<size>
		<width>271</width>
		<height>186</height>
		<depth>3</depth>
	</size>
	<object>
		<name>Damaged</name>
		<pose>Unspecified</pose>
		<truncated>0</truncated>
		<difficult>0</difficult>
		<bndbox>
			<xmin>68</xmin>
			<ymin>118</ymin>
			<xmax>183</xmax>
			<ymax>181</ymax>
		</bndbox>
	</object>
	<object>
		<name>Damaged</name>
		<pose>Unspecified</pose>
		<truncated>0</truncated>
		<difficult>0</difficult>
		<bndbox>
			<xmin>41</xmin>
			<ymin>136</ymin>
			<xmax>80</xmax>
			<ymax>186</ymax>
		</bndbox>
	</object>
	<object>
		<name>Damaged</name>
		<pose>Unspecified</pose>
		<truncated>0</truncated>
		<difficult>0</difficult>
		<bndbox>
			<xmin>143</xmin>
			<ymin>80</ymin>
			<xmax>184</xmax>
			<ymax>131</ymax>
		</bndbox>
	</object>
</annotation>