<annotation>
	<folder>my-project-name</folder>
	<filename>Damaged_0_2642.jpeg</filename>
	<path>/my-project-name/Damaged_0_2642.jpeg</path>
	<source>
		<database>Unspecified</database>
	</source>
	<size>
		<width>194</width>
		<height>259</height>
		<depth>3</depth>
	</size>
	<object>
		<name>Damaged</name>
		<pose>Unspecified</pose>
		<truncated>0</truncated>
		<difficult>0</difficult>
		<bndbox>
			<xmin>98</xmin>
			<ymin>132</ymin>
			<xmax>191</xmax>
			<ymax>182</ymax>
		</bndbox>
	</object>
	<object>
		<name>Damaged</name>
		<pose>Unspecified</pose>
		<truncated>0</truncated>
		<difficult>0</difficult>
		<bndbox>
			<xmin>85</xmin>
			<ymin>177</ymin>
			<xmax>163</xmax>
			<ymax>251</ymax>
		</bndbox>
	</object>
	<object>
		<name>Damaged</name>
		<pose>Unspecified</pose>
		<truncated>0</truncated>
		<difficult>0</difficult>
		<bndbox>
			<xmin>36</xmin>
			<ymin>159</ymin>
			<xmax>111</xmax>
			<ymax>196</ymax>
		</bndbox>
	</object>
</annotation>