<annotation>
	<folder>my-project-name</folder>
	<filename>Damaged_0_2378.jpeg</filename>
	<path>/my-project-name/Damaged_0_2378.jpeg</path>
	<source>
		<database>Unspecified</database>
	</source>
	<size>
		<width>259</width>
		<height>194</height>
		<depth>3</depth>
	</size>
	<object>
		<name>Damaged</name>
		<pose>Unspecified</pose>
		<truncated>0</truncated>
		<difficult>0</difficult>
		<bndbox>
			<xmin>94</xmin>
			<ymin>90</ymin>
			<xmax>143</xmax>
			<ymax>127</ymax>
		</bndbox>
	</object>
	<object>
		<name>Damaged</name>
		<pose>Unspecified</pose>
		<truncated>0</truncated>
		<difficult>0</difficult>
		<bndbox>
			<xmin>134</xmin>
			<ymin>37</ymin>
			<xmax>186</xmax>
			<ymax>59</ymax>
		</bndbox>
	</object>
</annotation>