<annotation>
	<folder>my-project-name</folder>
	<filename>Damaged_0_1183.jpeg</filename>
	<path>/my-project-name/Damaged_0_1183.jpeg</path>
	<source>
		<database>Unspecified</database>
	</source>
	<size>
		<width>269</width>
		<height>187</height>
		<depth>3</depth>
	</size>
	<object>
		<name>Damaged</name>
		<pose>Unspecified</pose>
		<truncated>0</truncated>
		<difficult>0</difficult>
		<bndbox>
			<xmin>104</xmin>
			<ymin>35</ymin>
			<xmax>236</xmax>
			<ymax>112</ymax>
		</bndbox>
	</object>
	<object>
		<name>Damaged</name>
		<pose>Unspecified</pose>
		<truncated>0</truncated>
		<difficult>0</difficult>
		<bndbox>
			<xmin>237</xmin>
			<ymin>25</ymin>
			<xmax>247</xmax>
			<ymax>80</ymax>
		</bndbox>
	</object>
</annotation>