<annotation>
	<folder>my-project-name</folder>
	<filename>Damaged_0_1017.jpeg</filename>
	<path>/my-project-name/Damaged_0_1017.jpeg</path>
	<source>
		<database>Unspecified</database>
	</source>
	<size>
		<width>269</width>
		<height>187</height>
		<depth>3</depth>
	</size>
	<object>
		<name>Damaged</name>
		<pose>Unspecified</pose>
		<truncated>0</truncated>
		<difficult>0</difficult>
		<bndbox>
			<xmin>89</xmin>
			<ymin>52</ymin>
			<xmax>146</xmax>
			<ymax>98</ymax>
		</bndbox>
	</object>
	<object>
		<name>Damaged</name>
		<pose>Unspecified</pose>
		<truncated>0</truncated>
		<difficult>0</difficult>
		<bndbox>
			<xmin>144</xmin>
			<ymin>12</ymin>
			<xmax>179</xmax>
			<ymax>51</ymax>
		</bndbox>
	</object>
</annotation>