<annotation>
	<folder>my-project-name</folder>
	<filename>Damaged_0_2559.jpeg</filename>
	<path>/my-project-name/Damaged_0_2559.jpeg</path>
	<source>
		<database>Unspecified</database>
	</source>
	<size>
		<width>275</width>
		<height>183</height>
		<depth>3</depth>
	</size>
	<object>
		<name>Damaged</name>
		<pose>Unspecified</pose>
		<truncated>0</truncated>
		<difficult>0</difficult>
		<bndbox>
			<xmin>121</xmin>
			<ymin>26</ymin>
			<xmax>240</xmax>
			<ymax>137</ymax>
		</bndbox>
	</object>
</annotation>