<annotation>
	<folder>my-project-name</folder>
	<filename>Damaged_0_1385.jpeg</filename>
	<path>/my-project-name/Damaged_0_1385.jpeg</path>
	<source>
		<database>Unspecified</database>
	</source>
	<size>
		<width>194</width>
		<height>259</height>
		<depth>3</depth>
	</size>
	<object>
		<name>Damaged</name>
		<pose>Unspecified</pose>
		<truncated>0</truncated>
		<difficult>0</difficult>
		<bndbox>
			<xmin>3</xmin>
			<ymin>12</ymin>
			<xmax>79</xmax>
			<ymax>176</ymax>
		</bndbox>
	</object>
	<object>
		<name>Damaged</name>
		<pose>Unspecified</pose>
		<truncated>0</truncated>
		<difficult>0</difficult>
		<bndbox>
			<xmin>85</xmin>
			<ymin>8</ymin>
			<xmax>161</xmax>
			<ymax>75</ymax>
		</bndbox>
	</object>
	<object>
		<name>Damaged</name>
		<pose>Unspecified</pose>
		<truncated>0</truncated>
		<difficult>0</difficult>
		<bndbox>
			<xmin>76</xmin>
			<ymin>67</ymin>
			<xmax>141</xmax>
			<ymax>102</ymax>
		</bndbox>
	</object>
	<object>
		<name>Damaged</name>
		<pose>Unspecified</pose>
		<truncated>0</truncated>
		<difficult>0</difficult>
		<bndbox>
			<xmin>73</xmin>
			<ymin>111</ymin>
			<xmax>160</xmax>
			<ymax>149</ymax>
		</bndbox>
	</object>
</annotation>