<annotation>
	<folder>my-project-name</folder>
	<filename>Damaged_0_2482.jpeg</filename>
	<path>/my-project-name/Damaged_0_2482.jpeg</path>
	<source>
		<database>Unspecified</database>
	</source>
	<size>
		<width>269</width>
		<height>188</height>
		<depth>3</depth>
	</size>
	<object>
		<name>Damaged</name>
		<pose>Unspecified</pose>
		<truncated>0</truncated>
		<difficult>0</difficult>
		<bndbox>
			<xmin>121</xmin>
			<ymin>36</ymin>
			<xmax>199</xmax>
			<ymax>148</ymax>
		</bndbox>
	</object>
	<object>
		<name>Damaged</name>
		<pose>Unspecified</pose>
		<truncated>0</truncated>
		<difficult>0</difficult>
		<bndbox>
			<xmin>56</xmin>
			<ymin>40</ymin>
			<xmax>85</xmax>
			<ymax>99</ymax>
		</bndbox>
	</object>
</annotation>