<annotation>
	<folder>my-project-name</folder>
	<filename>Damaged_0_2809.jpeg</filename>
	<path>/my-project-name/Damaged_0_2809.jpeg</path>
	<source>
		<database>Unspecified</database>
	</source>
	<size>
		<width>283</width>
		<height>178</height>
		<depth>3</depth>
	</size>
	<object>
		<name>Damaged</name>
		<pose>Unspecified</pose>
		<truncated>0</truncated>
		<difficult>0</difficult>
		<bndbox>
			<xmin>5</xmin>
			<ymin>51</ymin>
			<xmax>107</xmax>
			<ymax>132</ymax>
		</bndbox>
	</object>
</annotation>