<annotation>
	<folder>my-project-name</folder>
	<filename>Damaged_0_2733.jpeg</filename>
	<path>/my-project-name/Damaged_0_2733.jpeg</path>
	<source>
		<database>Unspecified</database>
	</source>
	<size>
		<width>300</width>
		<height>168</height>
		<depth>3</depth>
	</size>
	<object>
		<name>Damaged</name>
		<pose>Unspecified</pose>
		<truncated>0</truncated>
		<difficult>0</difficult>
		<bndbox>
			<xmin>105</xmin>
			<ymin>52</ymin>
			<xmax>232</xmax>
			<ymax>142</ymax>
		</bndbox>
	</object>
	<object>
		<name>Damaged</name>
		<pose>Unspecified</pose>
		<truncated>0</truncated>
		<difficult>0</difficult>
		<bndbox>
			<xmin>221</xmin>
			<ymin>49</ymin>
			<xmax>300</xmax>
			<ymax>103</ymax>
		</bndbox>
	</object>
</annotation>