<annotation>
	<folder>my-project-name</folder>
	<filename>Damaged_0_2111.jpeg</filename>
	<path>/my-project-name/Damaged_0_2111.jpeg</path>
	<source>
		<database>Unspecified</database>
	</source>
	<size>
		<width>275</width>
		<height>183</height>
		<depth>3</depth>
	</size>
	<object>
		<name>Damaged</name>
		<pose>Unspecified</pose>
		<truncated>0</truncated>
		<difficult>0</difficult>
		<bndbox>
			<xmin>139</xmin>
			<ymin>53</ymin>
			<xmax>183</xmax>
			<ymax>113</ymax>
		</bndbox>
	</object>
</annotation>