<annotation>
	<folder>my-project-name</folder>
	<filename>Damaged_0_190.jpeg</filename>
	<path>/my-project-name/Damaged_0_190.jpeg</path>
	<source>
		<database>Unspecified</database>
	</source>
	<size>
		<width>259</width>
		<height>194</height>
		<depth>3</depth>
	</size>
	<object>
		<name>Damaged</name>
		<pose>Unspecified</pose>
		<truncated>0</truncated>
		<difficult>0</difficult>
		<bndbox>
			<xmin>104</xmin>
			<ymin>49</ymin>
			<xmax>199</xmax>
			<ymax>181</ymax>
		</bndbox>
	</object>
	<object>
		<name>Damaged</name>
		<pose>Unspecified</pose>
		<truncated>0</truncated>
		<difficult>0</difficult>
		<bndbox>
			<xmin>70</xmin>
			<ymin>132</ymin>
			<xmax>126</xmax>
			<ymax>178</ymax>
		</bndbox>
	</object>
	<object>
		<name>Damaged</name>
		<pose>Unspecified</pose>
		<truncated>0</truncated>
		<difficult>0</difficult>
		<bndbox>
			<xmin>4</xmin>
			<ymin>77</ymin>
			<xmax>47</xmax>
			<ymax>149</ymax>
		</bndbox>
	</object>
</annotation>