<annotation>
	<folder>my-project-name</folder>
	<filename>Damaged_0_2658.jpeg</filename>
	<path>/my-project-name/Damaged_0_2658.jpeg</path>
	<source>
		<database>Unspecified</database>
	</source>
	<size>
		<width>259</width>
		<height>194</height>
		<depth>3</depth>
	</size>
	<object>
		<name>Damaged</name>
		<pose>Unspecified</pose>
		<truncated>0</truncated>
		<difficult>0</difficult>
		<bndbox>
			<xmin>160</xmin>
			<ymin>86</ymin>
			<xmax>206</xmax>
			<ymax>161</ymax>
		</bndbox>
	</object>
	<object>
		<name>Damaged</name>
		<pose>Unspecified</pose>
		<truncated>0</truncated>
		<difficult>0</difficult>
		<bndbox>
			<xmin>148</xmin>
			<ymin>137</ymin>
			<xmax>182</xmax>
			<ymax>168</ymax>
		</bndbox>
	</object>
</annotation>