<annotation>
	<folder>my-project-name</folder>
	<filename>Damaged_0_1789.jpeg</filename>
	<path>/my-project-name/Damaged_0_1789.jpeg</path>
	<source>
		<database>Unspecified</database>
	</source>
	<size>
		<width>259</width>
		<height>194</height>
		<depth>3</depth>
	</size>
	<object>
		<name>Damaged</name>
		<pose>Unspecified</pose>
		<truncated>0</truncated>
		<difficult>0</difficult>
		<bndbox>
			<xmin>198</xmin>
			<ymin>88</ymin>
			<xmax>259</xmax>
			<ymax>186</ymax>
		</bndbox>
	</object>
	<object>
		<name>Damaged</name>
		<pose>Unspecified</pose>
		<truncated>0</truncated>
		<difficult>0</difficult>
		<bndbox>
			<xmin>167</xmin>
			<ymin>146</ymin>
			<xmax>199</xmax>
			<ymax>190</ymax>
		</bndbox>
	</object>
</annotation>