<annotation>
	<folder>my-project-name</folder>
	<filename>Damaged_0_1928.jpeg</filename>
	<path>/my-project-name/Damaged_0_1928.jpeg</path>
	<source>
		<database>Unspecified</database>
	</source>
	<size>
		<width>233</width>
		<height>216</height>
		<depth>3</depth>
	</size>
	<object>
		<name>Damaged</name>
		<pose>Unspecified</pose>
		<truncated>0</truncated>
		<difficult>0</difficult>
		<bndbox>
			<xmin>17</xmin>
			<ymin>86</ymin>
			<xmax>59</xmax>
			<ymax>149</ymax>
		</bndbox>
	</object>
	<object>
		<name>Damaged</name>
		<pose>Unspecified</pose>
		<truncated>0</truncated>
		<difficult>0</difficult>
		<bndbox>
			<xmin>82</xmin>
			<ymin>82</ymin>
			<xmax>147</xmax>
			<ymax>147</ymax>
		</bndbox>
	</object>
	<object>
		<name>Damaged</name>
		<pose>Unspecified</pose>
		<truncated>0</truncated>
		<difficult>0</difficult>
		<bndbox>
			<xmin>68</xmin>
			<ymin>13</ymin>
			<xmax>193</xmax>
			<ymax>80</ymax>
		</bndbox>
	</object>
</annotation>