<annotation>
	<folder>my-project-name</folder>
	<filename>Damaged_0_2618.jpeg</filename>
	<path>/my-project-name/Damaged_0_2618.jpeg</path>
	<source>
		<database>Unspecified</database>
	</source>
	<size>
		<width>273</width>
		<height>184</height>
		<depth>3</depth>
	</size>
	<object>
		<name>Damaged</name>
		<pose>Unspecified</pose>
		<truncated>0</truncated>
		<difficult>0</difficult>
		<bndbox>
			<xmin>71</xmin>
			<ymin>41</ymin>
			<xmax>199</xmax>
			<ymax>169</ymax>
		</bndbox>
	</object>
</annotation>