<annotation>
	<folder>my-project-name</folder>
	<filename>Damaged_0_2738.jpeg</filename>
	<path>/my-project-name/Damaged_0_2738.jpeg</path>
	<source>
		<database>Unspecified</database>
	</source>
	<size>
		<width>259</width>
		<height>194</height>
		<depth>3</depth>
	</size>
	<object>
		<name>Damaged</name>
		<pose>Unspecified</pose>
		<truncated>0</truncated>
		<difficult>0</difficult>
		<bndbox>
			<xmin>123</xmin>
			<ymin>141</ymin>
			<xmax>183</xmax>
			<ymax>188</ymax>
		</bndbox>
	</object>
	<object>
		<name>Damaged</name>
		<pose>Unspecified</pose>
		<truncated>0</truncated>
		<difficult>0</difficult>
		<bndbox>
			<xmin>140</xmin>
			<ymin>136</ymin>
			<xmax>165</xmax>
			<ymax>154</ymax>
		</bndbox>
	</object>
</annotation>