<annotation>
	<folder>my-project-name</folder>
	<filename>Damaged_0_2709.jpeg</filename>
	<path>/my-project-name/Damaged_0_2709.jpeg</path>
	<source>
		<database>Unspecified</database>
	</source>
	<size>
		<width>259</width>
		<height>194</height>
		<depth>3</depth>
	</size>
	<object>
		<name>Damaged</name>
		<pose>Unspecified</pose>
		<truncated>0</truncated>
		<difficult>0</difficult>
		<bndbox>
			<xmin>94</xmin>
			<ymin>23</ymin>
			<xmax>160</xmax>
			<ymax>80</ymax>
		</bndbox>
	</object>
	<object>
		<name>Damaged</name>
		<pose>Unspecified</pose>
		<truncated>0</truncated>
		<difficult>0</difficult>
		<bndbox>
			<xmin>111</xmin>
			<ymin>69</ymin>
			<xmax>200</xmax>
			<ymax>137</ymax>
		</bndbox>
	</object>
</annotation>