<annotation>
	<folder>my-project-name</folder>
	<filename>Damaged_0_2389.jpeg</filename>
	<path>/my-project-name/Damaged_0_2389.jpeg</path>
	<source>
		<database>Unspecified</database>
	</source>
	<size>
		<width>263</width>
		<height>192</height>
		<depth>3</depth>
	</size>
	<object>
		<name>Damaged</name>
		<pose>Unspecified</pose>
		<truncated>0</truncated>
		<difficult>0</difficult>
		<bndbox>
			<xmin>106</xmin>
			<ymin>18</ymin>
			<xmax>189</xmax>
			<ymax>114</ymax>
		</bndbox>
	</object>
	<object>
		<name>Damaged</name>
		<pose>Unspecified</pose>
		<truncated>0</truncated>
		<difficult>0</difficult>
		<bndbox>
			<xmin>114</xmin>
			<ymin>120</ymin>
			<xmax>183</xmax>
			<ymax>165</ymax>
		</bndbox>
	</object>
</annotation>