<annotation>
	<folder>my-project-name</folder>
	<filename>Damaged_0_2904.jpeg</filename>
	<path>/my-project-name/Damaged_0_2904.jpeg</path>
	<source>
		<database>Unspecified</database>
	</source>
	<size>
		<width>269</width>
		<height>187</height>
		<depth>3</depth>
	</size>
	<object>
		<name>Damaged</name>
		<pose>Unspecified</pose>
		<truncated>0</truncated>
		<difficult>0</difficult>
		<bndbox>
			<xmin>206</xmin>
			<ymin>55</ymin>
			<xmax>269</xmax>
			<ymax>107</ymax>
		</bndbox>
	</object>
</annotation>