<annotation>
	<folder>my-project-name</folder>
	<filename>Damaged_0_102.jpeg</filename>
	<path>/my-project-name/Damaged_0_102.jpeg</path>
	<source>
		<database>Unspecified</database>
	</source>
	<size>
		<width>226</width>
		<height>223</height>
		<depth>3</depth>
	</size>
	<object>
		<name>Damaged</name>
		<pose>Unspecified</pose>
		<truncated>0</truncated>
		<difficult>0</difficult>
		<bndbox>
			<xmin>5</xmin>
			<ymin>112</ymin>
			<xmax>95</xmax>
			<ymax>132</ymax>
		</bndbox>
	</object>
	<object>
		<name>Damaged</name>
		<pose>Unspecified</pose>
		<truncated>0</truncated>
		<difficult>0</difficult>
		<bndbox>
			<xmin>101</xmin>
			<ymin>82</ymin>
			<xmax>187</xmax>
			<ymax>139</ymax>
		</bndbox>
	</object>
</annotation>