<annotation>
	<folder>my-project-name</folder>
	<filename>Damaged_0_2668.jpeg</filename>
	<path>/my-project-name/Damaged_0_2668.jpeg</path>
	<source>
		<database>Unspecified</database>
	</source>
	<size>
		<width>259</width>
		<height>194</height>
		<depth>3</depth>
	</size>
	<object>
		<name>Damaged</name>
		<pose>Unspecified</pose>
		<truncated>0</truncated>
		<difficult>0</difficult>
		<bndbox>
			<xmin>68</xmin>
			<ymin>10</ymin>
			<xmax>158</xmax>
			<ymax>86</ymax>
		</bndbox>
	</object>
	<object>
		<name>Damaged</name>
		<pose>Unspecified</pose>
		<truncated>0</truncated>
		<difficult>0</difficult>
		<bndbox>
			<xmin>128</xmin>
			<ymin>52</ymin>
			<xmax>208</xmax>
			<ymax>132</ymax>
		</bndbox>
	</object>
	<object>
		<name>Damaged</name>
		<pose>Unspecified</pose>
		<truncated>0</truncated>
		<difficult>0</difficult>
		<bndbox>
			<xmin>94</xmin>
			<ymin>81</ymin>
			<xmax>126</xmax>
			<ymax>124</ymax>
		</bndbox>
	</object>
</annotation>