<annotation>
	<folder>my-project-name</folder>
	<filename>Damaged_0_1884.jpeg</filename>
	<path>/my-project-name/Damaged_0_1884.jpeg</path>
	<source>
		<database>Unspecified</database>
	</source>
	<size>
		<width>266</width>
		<height>189</height>
		<depth>3</depth>
	</size>
	<object>
		<name>Damaged</name>
		<pose>Unspecified</pose>
		<truncated>0</truncated>
		<difficult>0</difficult>
		<bndbox>
			<xmin>126</xmin>
			<ymin>140</ymin>
			<xmax>208</xmax>
			<ymax>175</ymax>
		</bndbox>
	</object>
	<object>
		<name>Damaged</name>
		<pose>Unspecified</pose>
		<truncated>0</truncated>
		<difficult>0</difficult>
		<bndbox>
			<xmin>0</xmin>
			<ymin>29</ymin>
			<xmax>42</xmax>
			<ymax>109</ymax>
		</bndbox>
	</object>
</annotation>