<annotation>
	<folder>my-project-name</folder>
	<filename>Damaged_0_1589.jpeg</filename>
	<path>/my-project-name/Damaged_0_1589.jpeg</path>
	<source>
		<database>Unspecified</database>
	</source>
	<size>
		<width>259</width>
		<height>194</height>
		<depth>3</depth>
	</size>
	<object>
		<name>Damaged</name>
		<pose>Unspecified</pose>
		<truncated>0</truncated>
		<difficult>0</difficult>
		<bndbox>
			<xmin>173</xmin>
			<ymin>147</ymin>
			<xmax>228</xmax>
			<ymax>176</ymax>
		</bndbox>
	</object>
	<object>
		<name>Damaged</name>
		<pose>Unspecified</pose>
		<truncated>0</truncated>
		<difficult>0</difficult>
		<bndbox>
			<xmin>25</xmin>
			<ymin>163</ymin>
			<xmax>59</xmax>
			<ymax>188</ymax>
		</bndbox>
	</object>
</annotation>