<annotation>
	<folder>my-project-name</folder>
	<filename>Damaged_0_1318.jpeg</filename>
	<path>/my-project-name/Damaged_0_1318.jpeg</path>
	<source>
		<database>Unspecified</database>
	</source>
	<size>
		<width>321</width>
		<height>157</height>
		<depth>3</depth>
	</size>
	<object>
		<name>Damaged</name>
		<pose>Unspecified</pose>
		<truncated>0</truncated>
		<difficult>0</difficult>
		<bndbox>
			<xmin>98</xmin>
			<ymin>16</ymin>
			<xmax>193</xmax>
			<ymax>152</ymax>
		</bndbox>
	</object>
</annotation>