<annotation>
	<folder>my-project-name</folder>
	<filename>Damaged_0_1562.jpeg</filename>
	<path>/my-project-name/Damaged_0_1562.jpeg</path>
	<source>
		<database>Unspecified</database>
	</source>
	<size>
		<width>261</width>
		<height>193</height>
		<depth>3</depth>
	</size>
	<object>
		<name>Damaged</name>
		<pose>Unspecified</pose>
		<truncated>0</truncated>
		<difficult>0</difficult>
		<bndbox>
			<xmin>49</xmin>
			<ymin>98</ymin>
			<xmax>74</xmax>
			<ymax>147</ymax>
		</bndbox>
	</object>
	<object>
		<name>Damaged</name>
		<pose>Unspecified</pose>
		<truncated>0</truncated>
		<difficult>0</difficult>
		<bndbox>
			<xmin>99</xmin>
			<ymin>103</ymin>
			<xmax>151</xmax>
			<ymax>129</ymax>
		</bndbox>
	</object>
</annotation>