<annotation>
	<folder>my-project-name</folder>
	<filename>Damaged_0_1020.jpeg</filename>
	<path>/my-project-name/Damaged_0_1020.jpeg</path>
	<source>
		<database>Unspecified</database>
	</source>
	<size>
		<width>275</width>
		<height>183</height>
		<depth>3</depth>
	</size>
	<object>
		<name>Damaged</name>
		<pose>Unspecified</pose>
		<truncated>0</truncated>
		<difficult>0</difficult>
		<bndbox>
			<xmin>105</xmin>
			<ymin>20</ymin>
			<xmax>163</xmax>
			<ymax>145</ymax>
		</bndbox>
	</object>
	<object>
		<name>Damaged</name>
		<pose>Unspecified</pose>
		<truncated>0</truncated>
		<difficult>0</difficult>
		<bndbox>
			<xmin>187</xmin>
			<ymin>101</ymin>
			<xmax>232</xmax>
			<ymax>133</ymax>
		</bndbox>
	</object>
</annotation>