<annotation>
	<folder>my-project-name</folder>
	<filename>Damaged_0_2876.jpeg</filename>
	<path>/my-project-name/Damaged_0_2876.jpeg</path>
	<source>
		<database>Unspecified</database>
	</source>
	<size>
		<width>295</width>
		<height>171</height>
		<depth>3</depth>
	</size>
	<object>
		<name>Damaged</name>
		<pose>Unspecified</pose>
		<truncated>0</truncated>
		<difficult>0</difficult>
		<bndbox>
			<xmin>124</xmin>
			<ymin>61</ymin>
			<xmax>182</xmax>
			<ymax>104</ymax>
		</bndbox>
	</object>
	<object>
		<name>Damaged</name>
		<pose>Unspecified</pose>
		<truncated>0</truncated>
		<difficult>0</difficult>
		<bndbox>
			<xmin>152</xmin>
			<ymin>97</ymin>
			<xmax>270</xmax>
			<ymax>127</ymax>
		</bndbox>
	</object>
	<object>
		<name>Damaged</name>
		<pose>Unspecified</pose>
		<truncated>0</truncated>
		<difficult>0</difficult>
		<bndbox>
			<xmin>131</xmin>
			<ymin>119</ymin>
			<xmax>287</xmax>
			<ymax>159</ymax>
		</bndbox>
	</object>
</annotation>