<annotation>
	<folder>my-project-name</folder>
	<filename>Damaged_0_2983.jpeg</filename>
	<path>/my-project-name/Damaged_0_2983.jpeg</path>
	<source>
		<database>Unspecified</database>
	</source>
	<size>
		<width>179</width>
		<height>281</height>
		<depth>3</depth>
	</size>
	<object>
		<name>Damaged</name>
		<pose>Unspecified</pose>
		<truncated>0</truncated>
		<difficult>0</difficult>
		<bndbox>
			<xmin>100</xmin>
			<ymin>132</ymin>
			<xmax>177</xmax>
			<ymax>216</ymax>
		</bndbox>
	</object>
</annotation>