<annotation>
	<folder>my-project-name</folder>
	<filename>Damaged_0_3132.jpeg</filename>
	<path>/my-project-name/Damaged_0_3132.jpeg</path>
	<source>
		<database>Unspecified</database>
	</source>
	<size>
		<width>277</width>
		<height>182</height>
		<depth>3</depth>
	</size>
	<object>
		<name>Damaged</name>
		<pose>Unspecified</pose>
		<truncated>0</truncated>
		<difficult>0</difficult>
		<bndbox>
			<xmin>130</xmin>
			<ymin>47</ymin>
			<xmax>199</xmax>
			<ymax>84</ymax>
		</bndbox>
	</object>
	<object>
		<name>Damaged</name>
		<pose>Unspecified</pose>
		<truncated>0</truncated>
		<difficult>0</difficult>
		<bndbox>
			<xmin>140</xmin>
			<ymin>31</ymin>
			<xmax>211</xmax>
			<ymax>51</ymax>
		</bndbox>
	</object>
</annotation>