<annotation>
	<folder>my-project-name</folder>
	<filename>Damaged_0_2810.jpeg</filename>
	<path>/my-project-name/Damaged_0_2810.jpeg</path>
	<source>
		<database>Unspecified</database>
	</source>
	<size>
		<width>259</width>
		<height>194</height>
		<depth>3</depth>
	</size>
	<object>
		<name>Damaged</name>
		<pose>Unspecified</pose>
		<truncated>0</truncated>
		<difficult>0</difficult>
		<bndbox>
			<xmin>37</xmin>
			<ymin>104</ymin>
			<xmax>114</xmax>
			<ymax>194</ymax>
		</bndbox>
	</object>
	<object>
		<name>Damaged</name>
		<pose>Unspecified</pose>
		<truncated>0</truncated>
		<difficult>0</difficult>
		<bndbox>
			<xmin>141</xmin>
			<ymin>64</ymin>
			<xmax>215</xmax>
			<ymax>194</ymax>
		</bndbox>
	</object>
</annotation>