<annotation>
	<folder>my-project-name</folder>
	<filename>Damaged_0_2293.jpeg</filename>
	<path>/my-project-name/Damaged_0_2293.jpeg</path>
	<source>
		<database>Unspecified</database>
	</source>
	<size>
		<width>299</width>
		<height>169</height>
		<depth>3</depth>
	</size>
	<object>
		<name>Damaged</name>
		<pose>Unspecified</pose>
		<truncated>0</truncated>
		<difficult>0</difficult>
		<bndbox>
			<xmin>56</xmin>
			<ymin>74</ymin>
			<xmax>214</xmax>
			<ymax>151</ymax>
		</bndbox>
	</object>
</annotation>