<annotation>
	<folder>my-project-name</folder>
	<filename>Damaged_0_2308.jpeg</filename>
	<path>/my-project-name/Damaged_0_2308.jpeg</path>
	<source>
		<database>Unspecified</database>
	</source>
	<size>
		<width>260</width>
		<height>194</height>
		<depth>3</depth>
	</size>
	<object>
		<name>Damaged</name>
		<pose>Unspecified</pose>
		<truncated>0</truncated>
		<difficult>0</difficult>
		<bndbox>
			<xmin>140</xmin>
			<ymin>94</ymin>
			<xmax>230</xmax>
			<ymax>169</ymax>
		</bndbox>
	</object>
	<object>
		<name>Damaged</name>
		<pose>Unspecified</pose>
		<truncated>0</truncated>
		<difficult>0</difficult>
		<bndbox>
			<xmin>207</xmin>
			<ymin>71</ymin>
			<xmax>258</xmax>
			<ymax>145</ymax>
		</bndbox>
	</object>
</annotation>