<annotation>
	<folder>my-project-name</folder>
	<filename>Damaged_0_2766.jpeg</filename>
	<path>/my-project-name/Damaged_0_2766.jpeg</path>
	<source>
		<database>Unspecified</database>
	</source>
	<size>
		<width>259</width>
		<height>194</height>
		<depth>3</depth>
	</size>
	<object>
		<name>Damaged</name>
		<pose>Unspecified</pose>
		<truncated>0</truncated>
		<difficult>0</difficult>
		<bndbox>
			<xmin>116</xmin>
			<ymin>65</ymin>
			<xmax>187</xmax>
			<ymax>135</ymax>
		</bndbox>
	</object>
	<object>
		<name>Damaged</name>
		<pose>Unspecified</pose>
		<truncated>0</truncated>
		<difficult>0</difficult>
		<bndbox>
			<xmin>96</xmin>
			<ymin>90</ymin>
			<xmax>137</xmax>
			<ymax>118</ymax>
		</bndbox>
	</object>
	<object>
		<name>Damaged</name>
		<pose>Unspecified</pose>
		<truncated>0</truncated>
		<difficult>0</difficult>
		<bndbox>
			<xmin>198</xmin>
			<ymin>70</ymin>
			<xmax>237</xmax>
			<ymax>100</ymax>
		</bndbox>
	</object>
</annotation>