<annotation>
	<folder>my-project-name</folder>
	<filename>Damaged_0_1755.jpeg</filename>
	<path>/my-project-name/Damaged_0_1755.jpeg</path>
	<source>
		<database>Unspecified</database>
	</source>
	<size>
		<width>258</width>
		<height>195</height>
		<depth>3</depth>
	</size>
	<object>
		<name>Damaged</name>
		<pose>Unspecified</pose>
		<truncated>0</truncated>
		<difficult>0</difficult>
		<bndbox>
			<xmin>1</xmin>
			<ymin>2</ymin>
			<xmax>97</xmax>
			<ymax>124</ymax>
		</bndbox>
	</object>
</annotation>