<annotation>
	<folder>my-project-name</folder>
	<filename>Damaged_0_2175.jpeg</filename>
	<path>/my-project-name/Damaged_0_2175.jpeg</path>
	<source>
		<database>Unspecified</database>
	</source>
	<size>
		<width>300</width>
		<height>168</height>
		<depth>3</depth>
	</size>
	<object>
		<name>Damaged</name>
		<pose>Unspecified</pose>
		<truncated>0</truncated>
		<difficult>0</difficult>
		<bndbox>
			<xmin>35</xmin>
			<ymin>28</ymin>
			<xmax>185</xmax>
			<ymax>107</ymax>
		</bndbox>
	</object>
	<object>
		<name>Damaged</name>
		<pose>Unspecified</pose>
		<truncated>0</truncated>
		<difficult>0</difficult>
		<bndbox>
			<xmin>96</xmin>
			<ymin>0</ymin>
			<xmax>140</xmax>
			<ymax>27</ymax>
		</bndbox>
	</object>
</annotation>