<annotation>
	<folder>my-project-name</folder>
	<filename>Damaged-443.jpg</filename>
	<path>/my-project-name/Damaged-443.jpg</path>
	<source>
		<database>Unspecified</database>
	</source>
	<size>
		<width>304</width>
		<height>166</height>
		<depth>3</depth>
	</size>
	<object>
		<name>Damaged</name>
		<pose>Unspecified</pose>
		<truncated>0</truncated>
		<difficult>0</difficult>
		<bndbox>
			<xmin>102</xmin>
			<ymin>58</ymin>
			<xmax>275</xmax>
			<ymax>157</ymax>
		</bndbox>
	</object>
</annotation>