<annotation>
	<folder>my-project-name</folder>
	<filename>Damaged-418.jpg</filename>
	<path>/my-project-name/Damaged-418.jpg</path>
	<source>
		<database>Unspecified</database>
	</source>
	<size>
		<width>300</width>
		<height>168</height>
		<depth>3</depth>
	</size>
	<object>
		<name>Damaged</name>
		<pose>Unspecified</pose>
		<truncated>0</truncated>
		<difficult>0</difficult>
		<bndbox>
			<xmin>58</xmin>
			<ymin>95</ymin>
			<xmax>153</xmax>
			<ymax>138</ymax>
		</bndbox>
	</object>
	<object>
		<name>Damaged</name>
		<pose>Unspecified</pose>
		<truncated>0</truncated>
		<difficult>0</difficult>
		<bndbox>
			<xmin>13</xmin>
			<ymin>25</ymin>
			<xmax>58</xmax>
			<ymax>72</ymax>
		</bndbox>
	</object>
</annotation>