<annotation>
	<folder>my-project-name</folder>
	<filename>Damaged-549.jpg</filename>
	<path>/my-project-name/Damaged-549.jpg</path>
	<source>
		<database>Unspecified</database>
	</source>
	<size>
		<width>270</width>
		<height>187</height>
		<depth>3</depth>
	</size>
	<object>
		<name>Damaged</name>
		<pose>Unspecified</pose>
		<truncated>0</truncated>
		<difficult>0</difficult>
		<bndbox>
			<xmin>94</xmin>
			<ymin>44</ymin>
			<xmax>185</xmax>
			<ymax>84</ymax>
		</bndbox>
	</object>
	<object>
		<name>Damaged</name>
		<pose>Unspecified</pose>
		<truncated>0</truncated>
		<difficult>0</difficult>
		<bndbox>
			<xmin>20</xmin>
			<ymin>78</ymin>
			<xmax>222</xmax>
			<ymax>143</ymax>
		</bndbox>
	</object>
</annotation>