<annotation>
	<folder>my-project-name</folder>
	<filename>Damaged-220.jpg</filename>
	<path>/my-project-name/Damaged-220.jpg</path>
	<source>
		<database>Unspecified</database>
	</source>
	<size>
		<width>280</width>
		<height>180</height>
		<depth>3</depth>
	</size>
	<object>
		<name>Damaged</name>
		<pose>Unspecified</pose>
		<truncated>0</truncated>
		<difficult>0</difficult>
		<bndbox>
			<xmin>75</xmin>
			<ymin>83</ymin>
			<xmax>156</xmax>
			<ymax>154</ymax>
		</bndbox>
	</object>
	<object>
		<name>Damaged</name>
		<pose>Unspecified</pose>
		<truncated>0</truncated>
		<difficult>0</difficult>
		<bndbox>
			<xmin>181</xmin>
			<ymin>99</ymin>
			<xmax>203</xmax>
			<ymax>146</ymax>
		</bndbox>
	</object>
</annotation>