<annotation>
	<folder>my-project-name</folder>
	<filename>Damaged-241.jpg</filename>
	<path>/my-project-name/Damaged-241.jpg</path>
	<source>
		<database>Unspecified</database>
	</source>
	<size>
		<width>220</width>
		<height>229</height>
		<depth>3</depth>
	</size>
	<object>
		<name>Damaged</name>
		<pose>Unspecified</pose>
		<truncated>0</truncated>
		<difficult>0</difficult>
		<bndbox>
			<xmin>101</xmin>
			<ymin>79</ymin>
			<xmax>146</xmax>
			<ymax>117</ymax>
		</bndbox>
	</object>
</annotation>