<annotation>
	<folder>my-project-name</folder>
	<filename>Damaged-281.jpg</filename>
	<path>/my-project-name/Damaged-281.jpg</path>
	<source>
		<database>Unspecified</database>
	</source>
	<size>
		<width>259</width>
		<height>194</height>
		<depth>3</depth>
	</size>
	<object>
		<name>Damaged</name>
		<pose>Unspecified</pose>
		<truncated>0</truncated>
		<difficult>0</difficult>
		<bndbox>
			<xmin>87</xmin>
			<ymin>70</ymin>
			<xmax>158</xmax>
			<ymax>152</ymax>
		</bndbox>
	</object>
	<object>
		<name>Damaged</name>
		<pose>Unspecified</pose>
		<truncated>0</truncated>
		<difficult>0</difficult>
		<bndbox>
			<xmin>147</xmin>
			<ymin>90</ymin>
			<xmax>251</xmax>
			<ymax>145</ymax>
		</bndbox>
	</object>
</annotation>