<annotation>
	<folder>my-project-name</folder>
	<filename>Damaged-244.jpg</filename>
	<path>/my-project-name/Damaged-244.jpg</path>
	<source>
		<database>Unspecified</database>
	</source>
	<size>
		<width>265</width>
		<height>190</height>
		<depth>3</depth>
	</size>
	<object>
		<name>Damaged</name>
		<pose>Unspecified</pose>
		<truncated>0</truncated>
		<difficult>0</difficult>
		<bndbox>
			<xmin>73</xmin>
			<ymin>72</ymin>
			<xmax>142</xmax>
			<ymax>107</ymax>
		</bndbox>
	</object>
	<object>
		<name>Damaged</name>
		<pose>Unspecified</pose>
		<truncated>0</truncated>
		<difficult>0</difficult>
		<bndbox>
			<xmin>66</xmin>
			<ymin>108</ymin>
			<xmax>117</xmax>
			<ymax>152</ymax>
		</bndbox>
	</object>
</annotation>