<annotation>
	<folder>my-project-name</folder>
	<filename>Damaged-225.jpg</filename>
	<path>/my-project-name/Damaged-225.jpg</path>
	<source>
		<database>Unspecified</database>
	</source>
	<size>
		<width>300</width>
		<height>168</height>
		<depth>3</depth>
	</size>
	<object>
		<name>Damaged</name>
		<pose>Unspecified</pose>
		<truncated>0</truncated>
		<difficult>0</difficult>
		<bndbox>
			<xmin>134</xmin>
			<ymin>38</ymin>
			<xmax>190</xmax>
			<ymax>64</ymax>
		</bndbox>
	</object>
	<object>
		<name>Damaged</name>
		<pose>Unspecified</pose>
		<truncated>0</truncated>
		<difficult>0</difficult>
		<bndbox>
			<xmin>161</xmin>
			<ymin>61</ymin>
			<xmax>203</xmax>
			<ymax>102</ymax>
		</bndbox>
	</object>
</annotation>