<annotation>
	<folder>my-project-name</folder>
	<filename>Damaged-446.jpg</filename>
	<path>/my-project-name/Damaged-446.jpg</path>
	<source>
		<database>Unspecified</database>
	</source>
	<size>
		<width>265</width>
		<height>190</height>
		<depth>3</depth>
	</size>
	<object>
		<name>Damaged</name>
		<pose>Unspecified</pose>
		<truncated>0</truncated>
		<difficult>0</difficult>
		<bndbox>
			<xmin>96</xmin>
			<ymin>74</ymin>
			<xmax>159</xmax>
			<ymax>149</ymax>
		</bndbox>
	</object>
	<object>
		<name>Damaged</name>
		<pose>Unspecified</pose>
		<truncated>0</truncated>
		<difficult>0</difficult>
		<bndbox>
			<xmin>104</xmin>
			<ymin>4</ymin>
			<xmax>241</xmax>
			<ymax>50</ymax>
		</bndbox>
	</object>
</annotation>