<annotation>
	<folder>my-project-name</folder>
	<filename>Damaged-308.jpg</filename>
	<path>/my-project-name/Damaged-308.jpg</path>
	<source>
		<database>Unspecified</database>
	</source>
	<size>
		<width>270</width>
		<height>187</height>
		<depth>3</depth>
	</size>
	<object>
		<name>Damaged</name>
		<pose>Unspecified</pose>
		<truncated>0</truncated>
		<difficult>0</difficult>
		<bndbox>
			<xmin>13</xmin>
			<ymin>7</ymin>
			<xmax>198</xmax>
			<ymax>143</ymax>
		</bndbox>
	</object>
</annotation>