<annotation>
	<folder>my-project-name</folder>
	<filename>Damaged-639.jpg</filename>
	<path>/my-project-name/Damaged-639.jpg</path>
	<source>
		<database>Unspecified</database>
	</source>
	<size>
		<width>275</width>
		<height>183</height>
		<depth>3</depth>
	</size>
	<object>
		<name>Damaged</name>
		<pose>Unspecified</pose>
		<truncated>0</truncated>
		<difficult>0</difficult>
		<bndbox>
			<xmin>47</xmin>
			<ymin>47</ymin>
			<xmax>166</xmax>
			<ymax>157</ymax>
		</bndbox>
	</object>
</annotation>