<annotation>
	<folder>my-project-name</folder>
	<filename>Damaged-648.jpg</filename>
	<path>/my-project-name/Damaged-648.jpg</path>
	<source>
		<database>Unspecified</database>
	</source>
	<size>
		<width>269</width>
		<height>188</height>
		<depth>3</depth>
	</size>
	<object>
		<name>Damaged</name>
		<pose>Unspecified</pose>
		<truncated>0</truncated>
		<difficult>0</difficult>
		<bndbox>
			<xmin>55</xmin>
			<ymin>32</ymin>
			<xmax>178</xmax>
			<ymax>130</ymax>
		</bndbox>
	</object>
</annotation>