<annotation>
	<folder>my-project-name</folder>
	<filename>Damaged-578.jpg</filename>
	<path>/my-project-name/Damaged-578.jpg</path>
	<source>
		<database>Unspecified</database>
	</source>
	<size>
		<width>299</width>
		<height>168</height>
		<depth>3</depth>
	</size>
	<object>
		<name>Damaged</name>
		<pose>Unspecified</pose>
		<truncated>0</truncated>
		<difficult>0</difficult>
		<bndbox>
			<xmin>73</xmin>
			<ymin>72</ymin>
			<xmax>239</xmax>
			<ymax>130</ymax>
		</bndbox>
	</object>
</annotation>