<annotation>
	<folder>my-project-name</folder>
	<filename>Damaged-177.jpg</filename>
	<path>/my-project-name/Damaged-177.jpg</path>
	<source>
		<database>Unspecified</database>
	</source>
	<size>
		<width>300</width>
		<height>168</height>
		<depth>3</depth>
	</size>
	<object>
		<name>Damaged</name>
		<pose>Unspecified</pose>
		<truncated>0</truncated>
		<difficult>0</difficult>
		<bndbox>
			<xmin>173</xmin>
			<ymin>35</ymin>
			<xmax>300</xmax>
			<ymax>85</ymax>
		</bndbox>
	</object>
</annotation>