<annotation>
	<folder>my-project-name</folder>
	<filename>Damaged-1000.jpg</filename>
	<path>/my-project-name/Damaged-1000.jpg</path>
	<source>
		<database>Unspecified</database>
	</source>
	<size>
		<width>259</width>
		<height>194</height>
		<depth>3</depth>
	</size>
	<object>
		<name>Damaged</name>
		<pose>Unspecified</pose>
		<truncated>0</truncated>
		<difficult>0</difficult>
		<bndbox>
			<xmin>125</xmin>
			<ymin>92</ymin>
			<xmax>140</xmax>
			<ymax>104</ymax>
		</bndbox>
	</object>
	<object>
		<name>Damaged</name>
		<pose>Unspecified</pose>
		<truncated>0</truncated>
		<difficult>0</difficult>
		<bndbox>
			<xmin>161</xmin>
			<ymin>105</ymin>
			<xmax>176</xmax>
			<ymax>119</ymax>
		</bndbox>
	</object>
</annotation>