<annotation>
	<folder>my-project-name</folder>
	<filename>Damaged-453.jpg</filename>
	<path>/my-project-name/Damaged-453.jpg</path>
	<source>
		<database>Unspecified</database>
	</source>
	<size>
		<width>228</width>
		<height>221</height>
		<depth>3</depth>
	</size>
	<object>
		<name>Damaged</name>
		<pose>Unspecified</pose>
		<truncated>0</truncated>
		<difficult>0</difficult>
		<bndbox>
			<xmin>72</xmin>
			<ymin>88</ymin>
			<xmax>156</xmax>
			<ymax>171</ymax>
		</bndbox>
	</object>
</annotation>