<annotation>
	<folder>my-project-name</folder>
	<filename>Damaged-202.jpg</filename>
	<path>/my-project-name/Damaged-202.jpg</path>
	<source>
		<database>Unspecified</database>
	</source>
	<size>
		<width>294</width>
		<height>171</height>
		<depth>3</depth>
	</size>
	<object>
		<name>Damaged</name>
		<pose>Unspecified</pose>
		<truncated>0</truncated>
		<difficult>0</difficult>
		<bndbox>
			<xmin>124</xmin>
			<ymin>77</ymin>
			<xmax>225</xmax>
			<ymax>139</ymax>
		</bndbox>
	</object>
	<object>
		<name>Damaged</name>
		<pose>Unspecified</pose>
		<truncated>0</truncated>
		<difficult>0</difficult>
		<bndbox>
			<xmin>60</xmin>
			<ymin>6</ymin>
			<xmax>133</xmax>
			<ymax>50</ymax>
		</bndbox>
	</object>
	<object>
		<name>Damaged</name>
		<pose>Unspecified</pose>
		<truncated>0</truncated>
		<difficult>0</difficult>
		<bndbox>
			<xmin>38</xmin>
			<ymin>74</ymin>
			<xmax>92</xmax>
			<ymax>98</ymax>
		</bndbox>
	</object>
</annotation>