<annotation>
	<folder>my-project-name</folder>
	<filename>Damaged-1008.jpg</filename>
	<path>/my-project-name/Damaged-1008.jpg</path>
	<source>
		<database>Unspecified</database>
	</source>
	<size>
		<width>309</width>
		<height>163</height>
		<depth>3</depth>
	</size>
	<object>
		<name>Damaged</name>
		<pose>Unspecified</pose>
		<truncated>0</truncated>
		<difficult>0</difficult>
		<bndbox>
			<xmin>110</xmin>
			<ymin>24</ymin>
			<xmax>185</xmax>
			<ymax>139</ymax>
		</bndbox>
	</object>
	<object>
		<name>Damaged</name>
		<pose>Unspecified</pose>
		<truncated>0</truncated>
		<difficult>0</difficult>
		<bndbox>
			<xmin>215</xmin>
			<ymin>21</ymin>
			<xmax>258</xmax>
			<ymax>107</ymax>
		</bndbox>
	</object>
</annotation>