<annotation>
	<folder>my-project-name</folder>
	<filename>Damaged-307.jpg</filename>
	<path>/my-project-name/Damaged-307.jpg</path>
	<source>
		<database>Unspecified</database>
	</source>
	<size>
		<width>268</width>
		<height>188</height>
		<depth>3</depth>
	</size>
	<object>
		<name>Damaged</name>
		<pose>Unspecified</pose>
		<truncated>0</truncated>
		<difficult>0</difficult>
		<bndbox>
			<xmin>32</xmin>
			<ymin>77</ymin>
			<xmax>162</xmax>
			<ymax>167</ymax>
		</bndbox>
	</object>
	<object>
		<name>Damaged</name>
		<pose>Unspecified</pose>
		<truncated>0</truncated>
		<difficult>0</difficult>
		<bndbox>
			<xmin>176</xmin>
			<ymin>62</ymin>
			<xmax>211</xmax>
			<ymax>104</ymax>
		</bndbox>
	</object>
</annotation>