<annotation>
	<folder>my-project-name</folder>
	<filename>Damaged-720.jpg</filename>
	<path>/my-project-name/Damaged-720.jpg</path>
	<source>
		<database>Unspecified</database>
	</source>
	<size>
		<width>283</width>
		<height>178</height>
		<depth>3</depth>
	</size>
	<object>
		<name>Damaged</name>
		<pose>Unspecified</pose>
		<truncated>0</truncated>
		<difficult>0</difficult>
		<bndbox>
			<xmin>16</xmin>
			<ymin>75</ymin>
			<xmax>131</xmax>
			<ymax>146</ymax>
		</bndbox>
	</object>
</annotation>