<annotation>
	<folder>my-project-name</folder>
	<filename>Damaged-689.jpg</filename>
	<path>/my-project-name/Damaged-689.jpg</path>
	<source>
		<database>Unspecified</database>
	</source>
	<size>
		<width>272</width>
		<height>185</height>
		<depth>3</depth>
	</size>
	<object>
		<name>Damaged</name>
		<pose>Unspecified</pose>
		<truncated>0</truncated>
		<difficult>0</difficult>
		<bndbox>
			<xmin>177</xmin>
			<ymin>68</ymin>
			<xmax>208</xmax>
			<ymax>139</ymax>
		</bndbox>
	</object>
	<object>
		<name>Damaged</name>
		<pose>Unspecified</pose>
		<truncated>0</truncated>
		<difficult>0</difficult>
		<bndbox>
			<xmin>91</xmin>
			<ymin>81</ymin>
			<xmax>140</xmax>
			<ymax>133</ymax>
		</bndbox>
	</object>
</annotation>