<annotation>
	<folder>my-project-name</folder>
	<filename>Damaged-112.jpg</filename>
	<path>/my-project-name/Damaged-112.jpg</path>
	<source>
		<database>Unspecified</database>
	</source>
	<size>
		<width>275</width>
		<height>183</height>
		<depth>3</depth>
	</size>
	<object>
		<name>Damaged</name>
		<pose>Unspecified</pose>
		<truncated>0</truncated>
		<difficult>0</difficult>
		<bndbox>
			<xmin>65</xmin>
			<ymin>29</ymin>
			<xmax>220</xmax>
			<ymax>117</ymax>
		</bndbox>
	</object>
</annotation>