<annotation>
	<folder>my-project-name</folder>
	<filename>Damaged-539.jpg</filename>
	<path>/my-project-name/Damaged-539.jpg</path>
	<source>
		<database>Unspecified</database>
	</source>
	<size>
		<width>269</width>
		<height>187</height>
		<depth>3</depth>
	</size>
	<object>
		<name>Damaged</name>
		<pose>Unspecified</pose>
		<truncated>0</truncated>
		<difficult>0</difficult>
		<bndbox>
			<xmin>6</xmin>
			<ymin>55</ymin>
			<xmax>157</xmax>
			<ymax>168</ymax>
		</bndbox>
	</object>
</annotation>