<annotation>
	<folder>my-project-name</folder>
	<filename>Damaged-664.jpg</filename>
	<path>/my-project-name/Damaged-664.jpg</path>
	<source>
		<database>Unspecified</database>
	</source>
	<size>
		<width>259</width>
		<height>194</height>
		<depth>3</depth>
	</size>
	<object>
		<name>Damaged</name>
		<pose>Unspecified</pose>
		<truncated>0</truncated>
		<difficult>0</difficult>
		<bndbox>
			<xmin>141</xmin>
			<ymin>110</ymin>
			<xmax>210</xmax>
			<ymax>164</ymax>
		</bndbox>
	</object>
	<object>
		<name>Damaged</name>
		<pose>Unspecified</pose>
		<truncated>0</truncated>
		<difficult>0</difficult>
		<bndbox>
			<xmin>136</xmin>
			<ymin>68</ymin>
			<xmax>193</xmax>
			<ymax>93</ymax>
		</bndbox>
	</object>
</annotation>