<annotation>
	<folder>my-project-name</folder>
	<filename>Damaged-287.jpg</filename>
	<path>/my-project-name/Damaged-287.jpg</path>
	<source>
		<database>Unspecified</database>
	</source>
	<size>
		<width>276</width>
		<height>183</height>
		<depth>3</depth>
	</size>
	<object>
		<name>Damaged</name>
		<pose>Unspecified</pose>
		<truncated>0</truncated>
		<difficult>0</difficult>
		<bndbox>
			<xmin>72</xmin>
			<ymin>49</ymin>
			<xmax>227</xmax>
			<ymax>135</ymax>
		</bndbox>
	</object>
</annotation>