<annotation>
	<folder>my-project-name</folder>
	<filename>Damaged-246.jpg</filename>
	<path>/my-project-name/Damaged-246.jpg</path>
	<source>
		<database>Unspecified</database>
	</source>
	<size>
		<width>269</width>
		<height>187</height>
		<depth>3</depth>
	</size>
	<object>
		<name>Damaged</name>
		<pose>Unspecified</pose>
		<truncated>0</truncated>
		<difficult>0</difficult>
		<bndbox>
			<xmin>57</xmin>
			<ymin>31</ymin>
			<xmax>187</xmax>
			<ymax>118</ymax>
		</bndbox>
	</object>
	<object>
		<name>Damaged</name>
		<pose>Unspecified</pose>
		<truncated>0</truncated>
		<difficult>0</difficult>
		<bndbox>
			<xmin>216</xmin>
			<ymin>41</ymin>
			<xmax>248</xmax>
			<ymax>84</ymax>
		</bndbox>
	</object>
	<object>
		<name>Damaged</name>
		<pose>Unspecified</pose>
		<truncated>0</truncated>
		<difficult>0</difficult>
		<bndbox>
			<xmin>64</xmin>
			<ymin>121</ymin>
			<xmax>173</xmax>
			<ymax>141</ymax>
		</bndbox>
	</object>
</annotation>