<annotation>
	<folder>my-project-name</folder>
	<filename>Damaged-637.jpg</filename>
	<path>/my-project-name/Damaged-637.jpg</path>
	<source>
		<database>Unspecified</database>
	</source>
	<size>
		<width>273</width>
		<height>185</height>
		<depth>3</depth>
	</size>
	<object>
		<name>Damaged</name>
		<pose>Unspecified</pose>
		<truncated>0</truncated>
		<difficult>0</difficult>
		<bndbox>
			<xmin>118</xmin>
			<ymin>32</ymin>
			<xmax>208</xmax>
			<ymax>111</ymax>
		</bndbox>
	</object>
</annotation>