<annotation>
	<folder>my-project-name</folder>
	<filename>Damaged-544.jpg</filename>
	<path>/my-project-name/Damaged-544.jpg</path>
	<source>
		<database>Unspecified</database>
	</source>
	<size>
		<width>183</width>
		<height>275</height>
		<depth>3</depth>
	</size>
	<object>
		<name>Damaged</name>
		<pose>Unspecified</pose>
		<truncated>0</truncated>
		<difficult>0</difficult>
		<bndbox>
			<xmin>24</xmin>
			<ymin>84</ymin>
			<xmax>175</xmax>
			<ymax>217</ymax>
		</bndbox>
	</object>
</annotation>