<annotation>
	<folder>my-project-name</folder>
	<filename>Damaged-547.jpg</filename>
	<path>/my-project-name/Damaged-547.jpg</path>
	<source>
		<database>Unspecified</database>
	</source>
	<size>
		<width>259</width>
		<height>194</height>
		<depth>3</depth>
	</size>
	<object>
		<name>Damaged</name>
		<pose>Unspecified</pose>
		<truncated>0</truncated>
		<difficult>0</difficult>
		<bndbox>
			<xmin>82</xmin>
			<ymin>74</ymin>
			<xmax>174</xmax>
			<ymax>155</ymax>
		</bndbox>
	</object>
	<object>
		<name>Damaged</name>
		<pose>Unspecified</pose>
		<truncated>0</truncated>
		<difficult>0</difficult>
		<bndbox>
			<xmin>172</xmin>
			<ymin>22</ymin>
			<xmax>258</xmax>
			<ymax>90</ymax>
		</bndbox>
	</object>
</annotation>