<annotation>
	<folder>my-project-name</folder>
	<filename>Damaged-351.jpg</filename>
	<path>/my-project-name/Damaged-351.jpg</path>
	<source>
		<database>Unspecified</database>
	</source>
	<size>
		<width>259</width>
		<height>195</height>
		<depth>3</depth>
	</size>
	<object>
		<name>Damaged</name>
		<pose>Unspecified</pose>
		<truncated>0</truncated>
		<difficult>0</difficult>
		<bndbox>
			<xmin>34</xmin>
			<ymin>41</ymin>
			<xmax>190</xmax>
			<ymax>97</ymax>
		</bndbox>
	</object>
</annotation>