<annotation>
	<folder>my-project-name</folder>
	<filename>Damaged-387.jpg</filename>
	<path>/my-project-name/Damaged-387.jpg</path>
	<source>
		<database>Unspecified</database>
	</source>
	<size>
		<width>389</width>
		<height>129</height>
		<depth>3</depth>
	</size>
	<object>
		<name>Damaged</name>
		<pose>Unspecified</pose>
		<truncated>0</truncated>
		<difficult>0</difficult>
		<bndbox>
			<xmin>50</xmin>
			<ymin>45</ymin>
			<xmax>196</xmax>
			<ymax>128</ymax>
		</bndbox>
	</object>
</annotation>