<annotation>
	<folder>my-project-name</folder>
	<filename>Damaged-651.jpg</filename>
	<path>/my-project-name/Damaged-651.jpg</path>
	<source>
		<database>Unspecified</database>
	</source>
	<size>
		<width>225</width>
		<height>225</height>
		<depth>3</depth>
	</size>
	<object>
		<name>Damaged</name>
		<pose>Unspecified</pose>
		<truncated>0</truncated>
		<difficult>0</difficult>
		<bndbox>
			<xmin>6</xmin>
			<ymin>85</ymin>
			<xmax>109</xmax>
			<ymax>177</ymax>
		</bndbox>
	</object>
</annotation>