<annotation>
	<folder>my-project-name</folder>
	<filename>Damaged-437.jpg</filename>
	<path>/my-project-name/Damaged-437.jpg</path>
	<source>
		<database>Unspecified</database>
	</source>
	<size>
		<width>300</width>
		<height>168</height>
		<depth>3</depth>
	</size>
	<object>
		<name>Damaged</name>
		<pose>Unspecified</pose>
		<truncated>0</truncated>
		<difficult>0</difficult>
		<bndbox>
			<xmin>155</xmin>
			<ymin>48</ymin>
			<xmax>222</xmax>
			<ymax>112</ymax>
		</bndbox>
	</object>
</annotation>