<annotation>
	<folder>my-project-name</folder>
	<filename>Damaged-137.jpg</filename>
	<path>/my-project-name/Damaged-137.jpg</path>
	<source>
		<database>Unspecified</database>
	</source>
	<size>
		<width>255</width>
		<height>198</height>
		<depth>3</depth>
	</size>
	<object>
		<name>Damaged</name>
		<pose>Unspecified</pose>
		<truncated>0</truncated>
		<difficult>0</difficult>
		<bndbox>
			<xmin>145</xmin>
			<ymin>77</ymin>
			<xmax>216</xmax>
			<ymax>143</ymax>
		</bndbox>
	</object>
	<object>
		<name>Damaged</name>
		<pose>Unspecified</pose>
		<truncated>0</truncated>
		<difficult>0</difficult>
		<bndbox>
			<xmin>43</xmin>
			<ymin>108</ymin>
			<xmax>143</xmax>
			<ymax>139</ymax>
		</bndbox>
	</object>
</annotation>