<annotation>
	<folder>my-project-name</folder>
	<filename>Damaged-186.jpg</filename>
	<path>/my-project-name/Damaged-186.jpg</path>
	<source>
		<database>Unspecified</database>
	</source>
	<size>
		<width>299</width>
		<height>168</height>
		<depth>3</depth>
	</size>
	<object>
		<name>Damaged</name>
		<pose>Unspecified</pose>
		<truncated>0</truncated>
		<difficult>0</difficult>
		<bndbox>
			<xmin>37</xmin>
			<ymin>21</ymin>
			<xmax>96</xmax>
			<ymax>62</ymax>
		</bndbox>
	</object>
	<object>
		<name>Damaged</name>
		<pose>Unspecified</pose>
		<truncated>0</truncated>
		<difficult>0</difficult>
		<bndbox>
			<xmin>29</xmin>
			<ymin>85</ymin>
			<xmax>71</xmax>
			<ymax>118</ymax>
		</bndbox>
	</object>
</annotation>