<annotation>
	<folder>my-project-name</folder>
	<filename>Damaged-131.jpg</filename>
	<path>/my-project-name/Damaged-131.jpg</path>
	<source>
		<database>Unspecified</database>
	</source>
	<size>
		<width>293</width>
		<height>172</height>
		<depth>3</depth>
	</size>
	<object>
		<name>Damaged</name>
		<pose>Unspecified</pose>
		<truncated>0</truncated>
		<difficult>0</difficult>
		<bndbox>
			<xmin>188</xmin>
			<ymin>90</ymin>
			<xmax>224</xmax>
			<ymax>138</ymax>
		</bndbox>
	</object>
</annotation>