<annotation>
	<folder>my-project-name</folder>
	<filename>Damaged-114.jpg</filename>
	<path>/my-project-name/Damaged-114.jpg</path>
	<source>
		<database>Unspecified</database>
	</source>
	<size>
		<width>267</width>
		<height>189</height>
		<depth>3</depth>
	</size>
	<object>
		<name>Damaged</name>
		<pose>Unspecified</pose>
		<truncated>0</truncated>
		<difficult>0</difficult>
		<bndbox>
			<xmin>133</xmin>
			<ymin>101</ymin>
			<xmax>153</xmax>
			<ymax>136</ymax>
		</bndbox>
	</object>
</annotation>