<annotation>
	<folder>my-project-name</folder>
	<filename>Damaged-703.jpg</filename>
	<path>/my-project-name/Damaged-703.jpg</path>
	<source>
		<database>Unspecified</database>
	</source>
	<size>
		<width>259</width>
		<height>194</height>
		<depth>3</depth>
	</size>
	<object>
		<name>Damaged</name>
		<pose>Unspecified</pose>
		<truncated>0</truncated>
		<difficult>0</difficult>
		<bndbox>
			<xmin>76</xmin>
			<ymin>18</ymin>
			<xmax>172</xmax>
			<ymax>53</ymax>
		</bndbox>
	</object>
	<object>
		<name>Damaged</name>
		<pose>Unspecified</pose>
		<truncated>0</truncated>
		<difficult>0</difficult>
		<bndbox>
			<xmin>116</xmin>
			<ymin>101</ymin>
			<xmax>153</xmax>
			<ymax>122</ymax>
		</bndbox>
	</object>
</annotation>