<annotation>
	<folder>my-project-name</folder>
	<filename>Damaged-375.jpg</filename>
	<path>/my-project-name/Damaged-375.jpg</path>
	<source>
		<database>Unspecified</database>
	</source>
	<size>
		<width>251</width>
		<height>201</height>
		<depth>3</depth>
	</size>
	<object>
		<name>Damaged</name>
		<pose>Unspecified</pose>
		<truncated>0</truncated>
		<difficult>0</difficult>
		<bndbox>
			<xmin>19</xmin>
			<ymin>60</ymin>
			<xmax>219</xmax>
			<ymax>130</ymax>
		</bndbox>
	</object>
	<object>
		<name>Damaged</name>
		<pose>Unspecified</pose>
		<truncated>0</truncated>
		<difficult>0</difficult>
		<bndbox>
			<xmin>63</xmin>
			<ymin>122</ymin>
			<xmax>172</xmax>
			<ymax>192</ymax>
		</bndbox>
	</object>
</annotation>