<annotation>
	<folder>my-project-name</folder>
	<filename>Damaged-533.jpg</filename>
	<path>/my-project-name/Damaged-533.jpg</path>
	<source>
		<database>Unspecified</database>
	</source>
	<size>
		<width>261</width>
		<height>193</height>
		<depth>3</depth>
	</size>
	<object>
		<name>Damaged</name>
		<pose>Unspecified</pose>
		<truncated>0</truncated>
		<difficult>0</difficult>
		<bndbox>
			<xmin>12</xmin>
			<ymin>123</ymin>
			<xmax>243</xmax>
			<ymax>182</ymax>
		</bndbox>
	</object>
</annotation>