<annotation>
	<folder>my-project-name</folder>
	<filename>Damaged-141.jpg</filename>
	<path>/my-project-name/Damaged-141.jpg</path>
	<source>
		<database>Unspecified</database>
	</source>
	<size>
		<width>266</width>
		<height>190</height>
		<depth>3</depth>
	</size>
	<object>
		<name>Damaged</name>
		<pose>Unspecified</pose>
		<truncated>0</truncated>
		<difficult>0</difficult>
		<bndbox>
			<xmin>21</xmin>
			<ymin>77</ymin>
			<xmax>74</xmax>
			<ymax>145</ymax>
		</bndbox>
	</object>
	<object>
		<name>Damaged</name>
		<pose>Unspecified</pose>
		<truncated>0</truncated>
		<difficult>0</difficult>
		<bndbox>
			<xmin>211</xmin>
			<ymin>74</ymin>
			<xmax>253</xmax>
			<ymax>109</ymax>
		</bndbox>
	</object>
</annotation>