<annotation>
	<folder>my-project-name</folder>
	<filename>Damaged-509.jpg</filename>
	<path>/my-project-name/Damaged-509.jpg</path>
	<source>
		<database>Unspecified</database>
	</source>
	<size>
		<width>266</width>
		<height>190</height>
		<depth>3</depth>
	</size>
	<object>
		<name>Damaged</name>
		<pose>Unspecified</pose>
		<truncated>0</truncated>
		<difficult>0</difficult>
		<bndbox>
			<xmin>13</xmin>
			<ymin>57</ymin>
			<xmax>93</xmax>
			<ymax>122</ymax>
		</bndbox>
	</object>
</annotation>