<annotation>
	<folder>my-project-name</folder>
	<filename>Damaged-550.jpg</filename>
	<path>/my-project-name/Damaged-550.jpg</path>
	<source>
		<database>Unspecified</database>
	</source>
	<size>
		<width>334</width>
		<height>151</height>
		<depth>3</depth>
	</size>
	<object>
		<name>Damaged</name>
		<pose>Unspecified</pose>
		<truncated>0</truncated>
		<difficult>0</difficult>
		<bndbox>
			<xmin>135</xmin>
			<ymin>62</ymin>
			<xmax>211</xmax>
			<ymax>88</ymax>
		</bndbox>
	</object>
</annotation>