<annotation>
	<folder>my-project-name</folder>
	<filename>Damaged-277.jpg</filename>
	<path>/my-project-name/Damaged-277.jpg</path>
	<source>
		<database>Unspecified</database>
	</source>
	<size>
		<width>266</width>
		<height>189</height>
		<depth>3</depth>
	</size>
	<object>
		<name>Damaged</name>
		<pose>Unspecified</pose>
		<truncated>0</truncated>
		<difficult>0</difficult>
		<bndbox>
			<xmin>45</xmin>
			<ymin>30</ymin>
			<xmax>216</xmax>
			<ymax>100</ymax>
		</bndbox>
	</object>
	<object>
		<name>Damaged</name>
		<pose>Unspecified</pose>
		<truncated>0</truncated>
		<difficult>0</difficult>
		<bndbox>
			<xmin>90</xmin>
			<ymin>95</ymin>
			<xmax>200</xmax>
			<ymax>132</ymax>
		</bndbox>
	</object>
</annotation>