<annotation>
	<folder>my-project-name</folder>
	<filename>Damaged-153.jpg</filename>
	<path>/my-project-name/Damaged-153.jpg</path>
	<source>
		<database>Unspecified</database>
	</source>
	<size>
		<width>275</width>
		<height>183</height>
		<depth>3</depth>
	</size>
	<object>
		<name>Damaged</name>
		<pose>Unspecified</pose>
		<truncated>0</truncated>
		<difficult>0</difficult>
		<bndbox>
			<xmin>96</xmin>
			<ymin>8</ymin>
			<xmax>155</xmax>
			<ymax>88</ymax>
		</bndbox>
	</object>
	<object>
		<name>Damaged</name>
		<pose>Unspecified</pose>
		<truncated>0</truncated>
		<difficult>0</difficult>
		<bndbox>
			<xmin>19</xmin>
			<ymin>38</ymin>
			<xmax>104</xmax>
			<ymax>120</ymax>
		</bndbox>
	</object>
</annotation>