<annotation>
	<folder>my-project-name</folder>
	<filename>Damaged-105.jpg</filename>
	<path>/my-project-name/Damaged-105.jpg</path>
	<source>
		<database>Unspecified</database>
	</source>
	<size>
		<width>275</width>
		<height>183</height>
		<depth>3</depth>
	</size>
	<object>
		<name>Damaged</name>
		<pose>Unspecified</pose>
		<truncated>0</truncated>
		<difficult>0</difficult>
		<bndbox>
			<xmin>138</xmin>
			<ymin>40</ymin>
			<xmax>222</xmax>
			<ymax>103</ymax>
		</bndbox>
	</object>
	<object>
		<name>Damaged</name>
		<pose>Unspecified</pose>
		<truncated>0</truncated>
		<difficult>0</difficult>
		<bndbox>
			<xmin>144</xmin>
			<ymin>117</ymin>
			<xmax>165</xmax>
			<ymax>153</ymax>
		</bndbox>
	</object>
</annotation>