<annotation>
	<folder>my-project-name</folder>
	<filename>Damaged-566.jpg</filename>
	<path>/my-project-name/Damaged-566.jpg</path>
	<source>
		<database>Unspecified</database>
	</source>
	<size>
		<width>299</width>
		<height>168</height>
		<depth>3</depth>
	</size>
	<object>
		<name>Damaged</name>
		<pose>Unspecified</pose>
		<truncated>0</truncated>
		<difficult>0</difficult>
		<bndbox>
			<xmin>44</xmin>
			<ymin>25</ymin>
			<xmax>131</xmax>
			<ymax>100</ymax>
		</bndbox>
	</object>
	<object>
		<name>Damaged</name>
		<pose>Unspecified</pose>
		<truncated>0</truncated>
		<difficult>0</difficult>
		<bndbox>
			<xmin>169</xmin>
			<ymin>85</ymin>
			<xmax>254</xmax>
			<ymax>140</ymax>
		</bndbox>
	</object>
</annotation>