<annotation>
	<folder>my-project-name</folder>
	<filename>Damaged-204.jpg</filename>
	<path>/my-project-name/Damaged-204.jpg</path>
	<source>
		<database>Unspecified</database>
	</source>
	<size>
		<width>260</width>
		<height>194</height>
		<depth>3</depth>
	</size>
	<object>
		<name>Damaged</name>
		<pose>Unspecified</pose>
		<truncated>0</truncated>
		<difficult>0</difficult>
		<bndbox>
			<xmin>108</xmin>
			<ymin>67</ymin>
			<xmax>155</xmax>
			<ymax>109</ymax>
		</bndbox>
	</object>
	<object>
		<name>Damaged</name>
		<pose>Unspecified</pose>
		<truncated>0</truncated>
		<difficult>0</difficult>
		<bndbox>
			<xmin>92</xmin>
			<ymin>128</ymin>
			<xmax>167</xmax>
			<ymax>167</ymax>
		</bndbox>
	</object>
</annotation>