<annotation>
	<folder>my-project-name</folder>
	<filename>Damaged-714.jpg</filename>
	<path>/my-project-name/Damaged-714.jpg</path>
	<source>
		<database>Unspecified</database>
	</source>
	<size>
		<width>280</width>
		<height>180</height>
		<depth>3</depth>
	</size>
	<object>
		<name>Damaged</name>
		<pose>Unspecified</pose>
		<truncated>0</truncated>
		<difficult>0</difficult>
		<bndbox>
			<xmin>15</xmin>
			<ymin>42</ymin>
			<xmax>266</xmax>
			<ymax>138</ymax>
		</bndbox>
	</object>
</annotation>