<annotation>
	<folder>my-project-name</folder>
	<filename>Damaged-669.jpg</filename>
	<path>/my-project-name/Damaged-669.jpg</path>
	<source>
		<database>Unspecified</database>
	</source>
	<size>
		<width>280</width>
		<height>180</height>
		<depth>3</depth>
	</size>
	<object>
		<name>Damaged</name>
		<pose>Unspecified</pose>
		<truncated>0</truncated>
		<difficult>0</difficult>
		<bndbox>
			<xmin>187</xmin>
			<ymin>103</ymin>
			<xmax>252</xmax>
			<ymax>158</ymax>
		</bndbox>
	</object>
</annotation>