<annotation>
	<folder>my-project-name</folder>
	<filename>Damaged-107.jpg</filename>
	<path>/my-project-name/Damaged-107.jpg</path>
	<source>
		<database>Unspecified</database>
	</source>
	<size>
		<width>231</width>
		<height>218</height>
		<depth>3</depth>
	</size>
	<object>
		<name>Damaged</name>
		<pose>Unspecified</pose>
		<truncated>0</truncated>
		<difficult>0</difficult>
		<bndbox>
			<xmin>135</xmin>
			<ymin>90</ymin>
			<xmax>186</xmax>
			<ymax>170</ymax>
		</bndbox>
	</object>
	<object>
		<name>Damaged</name>
		<pose>Unspecified</pose>
		<truncated>0</truncated>
		<difficult>0</difficult>
		<bndbox>
			<xmin>65</xmin>
			<ymin>148</ymin>
			<xmax>127</xmax>
			<ymax>190</ymax>
		</bndbox>
	</object>
</annotation>