<annotation>
	<folder>my-project-name</folder>
	<filename>Damaged-510.jpg</filename>
	<path>/my-project-name/Damaged-510.jpg</path>
	<source>
		<database>Unspecified</database>
	</source>
	<size>
		<width>259</width>
		<height>195</height>
		<depth>3</depth>
	</size>
	<object>
		<name>Damaged</name>
		<pose>Unspecified</pose>
		<truncated>0</truncated>
		<difficult>0</difficult>
		<bndbox>
			<xmin>172</xmin>
			<ymin>62</ymin>
			<xmax>217</xmax>
			<ymax>104</ymax>
		</bndbox>
	</object>
</annotation>