<annotation>
	<folder>my-project-name</folder>
	<filename>Damaged-226.jpg</filename>
	<path>/my-project-name/Damaged-226.jpg</path>
	<source>
		<database>Unspecified</database>
	</source>
	<size>
		<width>303</width>
		<height>166</height>
		<depth>3</depth>
	</size>
	<object>
		<name>Damaged</name>
		<pose>Unspecified</pose>
		<truncated>0</truncated>
		<difficult>0</difficult>
		<bndbox>
			<xmin>58</xmin>
			<ymin>92</ymin>
			<xmax>174</xmax>
			<ymax>104</ymax>
		</bndbox>
	</object>
	<object>
		<name>Damaged</name>
		<pose>Unspecified</pose>
		<truncated>0</truncated>
		<difficult>0</difficult>
		<bndbox>
			<xmin>133</xmin>
			<ymin>39</ymin>
			<xmax>206</xmax>
			<ymax>86</ymax>
		</bndbox>
	</object>
</annotation>