<annotation>
	<folder>my-project-name</folder>
	<filename>Damaged-347.jpg</filename>
	<path>/my-project-name/Damaged-347.jpg</path>
	<source>
		<database>Unspecified</database>
	</source>
	<size>
		<width>261</width>
		<height>193</height>
		<depth>3</depth>
	</size>
	<object>
		<name>Damaged</name>
		<pose>Unspecified</pose>
		<truncated>0</truncated>
		<difficult>0</difficult>
		<bndbox>
			<xmin>8</xmin>
			<ymin>17</ymin>
			<xmax>139</xmax>
			<ymax>133</ymax>
		</bndbox>
	</object>
</annotation>