<annotation>
	<folder>my-project-name</folder>
	<filename>Damaged-402.jpg</filename>
	<path>/my-project-name/Damaged-402.jpg</path>
	<source>
		<database>Unspecified</database>
	</source>
	<size>
		<width>296</width>
		<height>170</height>
		<depth>3</depth>
	</size>
	<object>
		<name>Damaged</name>
		<pose>Unspecified</pose>
		<truncated>0</truncated>
		<difficult>0</difficult>
		<bndbox>
			<xmin>0</xmin>
			<ymin>44</ymin>
			<xmax>195</xmax>
			<ymax>136</ymax>
		</bndbox>
	</object>
</annotation>