<annotation>
	<folder>my-project-name</folder>
	<filename>Damaged-116.jpg</filename>
	<path>/my-project-name/Damaged-116.jpg</path>
	<source>
		<database>Unspecified</database>
	</source>
	<size>
		<width>168</width>
		<height>299</height>
		<depth>3</depth>
	</size>
	<object>
		<name>Damaged</name>
		<pose>Unspecified</pose>
		<truncated>0</truncated>
		<difficult>0</difficult>
		<bndbox>
			<xmin>64</xmin>
			<ymin>84</ymin>
			<xmax>164</xmax>
			<ymax>159</ymax>
		</bndbox>
	</object>
	<object>
		<name>Damaged</name>
		<pose>Unspecified</pose>
		<truncated>0</truncated>
		<difficult>0</difficult>
		<bndbox>
			<xmin>100</xmin>
			<ymin>175</ymin>
			<xmax>154</xmax>
			<ymax>216</ymax>
		</bndbox>
	</object>
	<object>
		<name>Damaged</name>
		<pose>Unspecified</pose>
		<truncated>0</truncated>
		<difficult>0</difficult>
		<bndbox>
			<xmin>22</xmin>
			<ymin>141</ymin>
			<xmax>105</xmax>
			<ymax>235</ymax>
		</bndbox>
	</object>
</annotation>