<annotation>
	<folder>my-project-name</folder>
	<filename>Damaged-529.jpg</filename>
	<path>/my-project-name/Damaged-529.jpg</path>
	<source>
		<database>Unspecified</database>
	</source>
	<size>
		<width>269</width>
		<height>188</height>
		<depth>3</depth>
	</size>
	<object>
		<name>Damaged</name>
		<pose>Unspecified</pose>
		<truncated>0</truncated>
		<difficult>0</difficult>
		<bndbox>
			<xmin>97</xmin>
			<ymin>27</ymin>
			<xmax>212</xmax>
			<ymax>126</ymax>
		</bndbox>
	</object>
</annotation>