<annotation>
	<folder>my-project-name</folder>
	<filename>Damaged-152.jpg</filename>
	<path>/my-project-name/Damaged-152.jpg</path>
	<source>
		<database>Unspecified</database>
	</source>
	<size>
		<width>275</width>
		<height>183</height>
		<depth>3</depth>
	</size>
	<object>
		<name>Damaged</name>
		<pose>Unspecified</pose>
		<truncated>0</truncated>
		<difficult>0</difficult>
		<bndbox>
			<xmin>49</xmin>
			<ymin>56</ymin>
			<xmax>146</xmax>
			<ymax>111</ymax>
		</bndbox>
	</object>
	<object>
		<name>Damaged</name>
		<pose>Unspecified</pose>
		<truncated>0</truncated>
		<difficult>0</difficult>
		<bndbox>
			<xmin>139</xmin>
			<ymin>104</ymin>
			<xmax>194</xmax>
			<ymax>172</ymax>
		</bndbox>
	</object>
</annotation>