<annotation>
	<folder>my-project-name</folder>
	<filename>Damaged-729.jpg</filename>
	<path>/my-project-name/Damaged-729.jpg</path>
	<source>
		<database>Unspecified</database>
	</source>
	<size>
		<width>259</width>
		<height>194</height>
		<depth>3</depth>
	</size>
	<object>
		<name>Damaged</name>
		<pose>Unspecified</pose>
		<truncated>0</truncated>
		<difficult>0</difficult>
		<bndbox>
			<xmin>35</xmin>
			<ymin>61</ymin>
			<xmax>169</xmax>
			<ymax>149</ymax>
		</bndbox>
	</object>
</annotation>