<annotation>
	<folder>my-project-name</folder>
	<filename>Damaged-489.jpg</filename>
	<path>/my-project-name/Damaged-489.jpg</path>
	<source>
		<database>Unspecified</database>
	</source>
	<size>
		<width>282</width>
		<height>179</height>
		<depth>3</depth>
	</size>
	<object>
		<name>Damaged</name>
		<pose>Unspecified</pose>
		<truncated>0</truncated>
		<difficult>0</difficult>
		<bndbox>
			<xmin>35</xmin>
			<ymin>71</ymin>
			<xmax>226</xmax>
			<ymax>151</ymax>
		</bndbox>
	</object>
</annotation>