<annotation>
	<folder>my-project-name</folder>
	<filename>Damaged-517.jpg</filename>
	<path>/my-project-name/Damaged-517.jpg</path>
	<source>
		<database>Unspecified</database>
	</source>
	<size>
		<width>269</width>
		<height>187</height>
		<depth>3</depth>
	</size>
	<object>
		<name>Damaged</name>
		<pose>Unspecified</pose>
		<truncated>0</truncated>
		<difficult>0</difficult>
		<bndbox>
			<xmin>131</xmin>
			<ymin>69</ymin>
			<xmax>231</xmax>
			<ymax>160</ymax>
		</bndbox>
	</object>
</annotation>