<annotation>
	<folder>my-project-name</folder>
	<filename>Damaged-577.jpg</filename>
	<path>/my-project-name/Damaged-577.jpg</path>
	<source>
		<database>Unspecified</database>
	</source>
	<size>
		<width>284</width>
		<height>177</height>
		<depth>3</depth>
	</size>
	<object>
		<name>Damaged</name>
		<pose>Unspecified</pose>
		<truncated>0</truncated>
		<difficult>0</difficult>
		<bndbox>
			<xmin>47</xmin>
			<ymin>87</ymin>
			<xmax>67</xmax>
			<ymax>123</ymax>
		</bndbox>
	</object>
</annotation>