<annotation>
	<folder>my-project-name</folder>
	<filename>Damaged-696.jpg</filename>
	<path>/my-project-name/Damaged-696.jpg</path>
	<source>
		<database>Unspecified</database>
	</source>
	<size>
		<width>286</width>
		<height>176</height>
		<depth>3</depth>
	</size>
	<object>
		<name>Damaged</name>
		<pose>Unspecified</pose>
		<truncated>0</truncated>
		<difficult>0</difficult>
		<bndbox>
			<xmin>125</xmin>
			<ymin>73</ymin>
			<xmax>282</xmax>
			<ymax>151</ymax>
		</bndbox>
	</object>
</annotation>