<annotation>
	<folder>my-project-name</folder>
	<filename>Damaged-561.jpg</filename>
	<path>/my-project-name/Damaged-561.jpg</path>
	<source>
		<database>Unspecified</database>
	</source>
	<size>
		<width>182</width>
		<height>277</height>
		<depth>3</depth>
	</size>
	<object>
		<name>Damaged</name>
		<pose>Unspecified</pose>
		<truncated>0</truncated>
		<difficult>0</difficult>
		<bndbox>
			<xmin>23</xmin>
			<ymin>119</ymin>
			<xmax>181</xmax>
			<ymax>195</ymax>
		</bndbox>
	</object>
	<object>
		<name>Damaged</name>
		<pose>Unspecified</pose>
		<truncated>0</truncated>
		<difficult>0</difficult>
		<bndbox>
			<xmin>63</xmin>
			<ymin>50</ymin>
			<xmax>181</xmax>
			<ymax>143</ymax>
		</bndbox>
	</object>
</annotation>