<annotation>
	<folder>my-project-name</folder>
	<filename>Damaged-326.jpg</filename>
	<path>/my-project-name/Damaged-326.jpg</path>
	<source>
		<database>Unspecified</database>
	</source>
	<size>
		<width>274</width>
		<height>184</height>
		<depth>3</depth>
	</size>
	<object>
		<name>Damaged</name>
		<pose>Unspecified</pose>
		<truncated>0</truncated>
		<difficult>0</difficult>
		<bndbox>
			<xmin>67</xmin>
			<ymin>69</ymin>
			<xmax>127</xmax>
			<ymax>138</ymax>
		</bndbox>
	</object>
</annotation>