<annotation>
	<folder>my-project-name</folder>
	<filename>Damaged-1002.jpg</filename>
	<path>/my-project-name/Damaged-1002.jpg</path>
	<source>
		<database>Unspecified</database>
	</source>
	<size>
		<width>259</width>
		<height>194</height>
		<depth>3</depth>
	</size>
	<object>
		<name>Damaged</name>
		<pose>Unspecified</pose>
		<truncated>0</truncated>
		<difficult>0</difficult>
		<bndbox>
			<xmin>32</xmin>
			<ymin>71</ymin>
			<xmax>65</xmax>
			<ymax>120</ymax>
		</bndbox>
	</object>
	<object>
		<name>Damaged</name>
		<pose>Unspecified</pose>
		<truncated>0</truncated>
		<difficult>0</difficult>
		<bndbox>
			<xmin>162</xmin>
			<ymin>118</ymin>
			<xmax>222</xmax>
			<ymax>170</ymax>
		</bndbox>
	</object>
</annotation>