<annotation>
	<folder>my-project-name</folder>
	<filename>Damaged-505.jpg</filename>
	<path>/my-project-name/Damaged-505.jpg</path>
	<source>
		<database>Unspecified</database>
	</source>
	<size>
		<width>271</width>
		<height>186</height>
		<depth>3</depth>
	</size>
	<object>
		<name>Damaged</name>
		<pose>Unspecified</pose>
		<truncated>0</truncated>
		<difficult>0</difficult>
		<bndbox>
			<xmin>82</xmin>
			<ymin>91</ymin>
			<xmax>183</xmax>
			<ymax>152</ymax>
		</bndbox>
	</object>
</annotation>