<annotation>
	<folder>my-project-name</folder>
	<filename>Damaged-130.jpg</filename>
	<path>/my-project-name/Damaged-130.jpg</path>
	<source>
		<database>Unspecified</database>
	</source>
	<size>
		<width>259</width>
		<height>194</height>
		<depth>3</depth>
	</size>
	<object>
		<name>Damaged</name>
		<pose>Unspecified</pose>
		<truncated>0</truncated>
		<difficult>0</difficult>
		<bndbox>
			<xmin>56</xmin>
			<ymin>88</ymin>
			<xmax>84</xmax>
			<ymax>118</ymax>
		</bndbox>
	</object>
	<object>
		<name>Damaged</name>
		<pose>Unspecified</pose>
		<truncated>0</truncated>
		<difficult>0</difficult>
		<bndbox>
			<xmin>121</xmin>
			<ymin>41</ymin>
			<xmax>143</xmax>
			<ymax>68</ymax>
		</bndbox>
	</object>
</annotation>