<annotation>
	<folder>my-project-name</folder>
	<filename>Damaged-132.jpg</filename>
	<path>/my-project-name/Damaged-132.jpg</path>
	<source>
		<database>Unspecified</database>
	</source>
	<size>
		<width>313</width>
		<height>161</height>
		<depth>3</depth>
	</size>
	<object>
		<name>Damaged</name>
		<pose>Unspecified</pose>
		<truncated>0</truncated>
		<difficult>0</difficult>
		<bndbox>
			<xmin>103</xmin>
			<ymin>104</ymin>
			<xmax>164</xmax>
			<ymax>153</ymax>
		</bndbox>
	</object>
	<object>
		<name>Damaged</name>
		<pose>Unspecified</pose>
		<truncated>0</truncated>
		<difficult>0</difficult>
		<bndbox>
			<xmin>118</xmin>
			<ymin>37</ymin>
			<xmax>173</xmax>
			<ymax>73</ymax>
		</bndbox>
	</object>
</annotation>