<annotation>
	<folder>my-project-name</folder>
	<filename>Damaged-265.jpg</filename>
	<path>/my-project-name/Damaged-265.jpg</path>
	<source>
		<database>Unspecified</database>
	</source>
	<size>
		<width>275</width>
		<height>183</height>
		<depth>3</depth>
	</size>
	<object>
		<name>Damaged</name>
		<pose>Unspecified</pose>
		<truncated>0</truncated>
		<difficult>0</difficult>
		<bndbox>
			<xmin>126</xmin>
			<ymin>21</ymin>
			<xmax>215</xmax>
			<ymax>92</ymax>
		</bndbox>
	</object>
</annotation>