<annotation>
	<folder>my-project-name</folder>
	<filename>Damaged-259.jpg</filename>
	<path>/my-project-name/Damaged-259.jpg</path>
	<source>
		<database>Unspecified</database>
	</source>
	<size>
		<width>165</width>
		<height>306</height>
		<depth>3</depth>
	</size>
	<object>
		<name>Damaged</name>
		<pose>Unspecified</pose>
		<truncated>0</truncated>
		<difficult>0</difficult>
		<bndbox>
			<xmin>37</xmin>
			<ymin>158</ymin>
			<xmax>165</xmax>
			<ymax>283</ymax>
		</bndbox>
	</object>
	<object>
		<name>Damaged</name>
		<pose>Unspecified</pose>
		<truncated>0</truncated>
		<difficult>0</difficult>
		<bndbox>
			<xmin>4</xmin>
			<ymin>28</ymin>
			<xmax>155</xmax>
			<ymax>156</ymax>
		</bndbox>
	</object>
</annotation>