<annotation>
	<folder>my-project-name</folder>
	<filename>Damaged-247.jpg</filename>
	<path>/my-project-name/Damaged-247.jpg</path>
	<source>
		<database>Unspecified</database>
	</source>
	<size>
		<width>259</width>
		<height>194</height>
		<depth>3</depth>
	</size>
	<object>
		<name>Damaged</name>
		<pose>Unspecified</pose>
		<truncated>0</truncated>
		<difficult>0</difficult>
		<bndbox>
			<xmin>183</xmin>
			<ymin>75</ymin>
			<xmax>211</xmax>
			<ymax>120</ymax>
		</bndbox>
	</object>
	<object>
		<name>Damaged</name>
		<pose>Unspecified</pose>
		<truncated>0</truncated>
		<difficult>0</difficult>
		<bndbox>
			<xmin>96</xmin>
			<ymin>99</ymin>
			<xmax>113</xmax>
			<ymax>120</ymax>
		</bndbox>
	</object>
</annotation>