<annotation>
	<folder>my-project-name</folder>
	<filename>Damaged-348.jpg</filename>
	<path>/my-project-name/Damaged-348.jpg</path>
	<source>
		<database>Unspecified</database>
	</source>
	<size>
		<width>268</width>
		<height>188</height>
		<depth>3</depth>
	</size>
	<object>
		<name>Damaged</name>
		<pose>Unspecified</pose>
		<truncated>0</truncated>
		<difficult>0</difficult>
		<bndbox>
			<xmin>13</xmin>
			<ymin>72</ymin>
			<xmax>109</xmax>
			<ymax>108</ymax>
		</bndbox>
	</object>
</annotation>