<annotation>
	<folder>my-project-name</folder>
	<filename>Damaged-297.jpg</filename>
	<path>/my-project-name/Damaged-297.jpg</path>
	<source>
		<database>Unspecified</database>
	</source>
	<size>
		<width>300</width>
		<height>168</height>
		<depth>3</depth>
	</size>
	<object>
		<name>Damaged</name>
		<pose>Unspecified</pose>
		<truncated>0</truncated>
		<difficult>0</difficult>
		<bndbox>
			<xmin>85</xmin>
			<ymin>20</ymin>
			<xmax>161</xmax>
			<ymax>43</ymax>
		</bndbox>
	</object>
	<object>
		<name>Damaged</name>
		<pose>Unspecified</pose>
		<truncated>0</truncated>
		<difficult>0</difficult>
		<bndbox>
			<xmin>143</xmin>
			<ymin>37</ymin>
			<xmax>215</xmax>
			<ymax>98</ymax>
		</bndbox>
	</object>
	<object>
		<name>Damaged</name>
		<pose>Unspecified</pose>
		<truncated>0</truncated>
		<difficult>0</difficult>
		<bndbox>
			<xmin>57</xmin>
			<ymin>85</ymin>
			<xmax>141</xmax>
			<ymax>109</ymax>
		</bndbox>
	</object>
</annotation>