<annotation>
	<folder>my-project-name</folder>
	<filename>Damaged-304.jpg</filename>
	<path>/my-project-name/Damaged-304.jpg</path>
	<source>
		<database>Unspecified</database>
	</source>
	<size>
		<width>300</width>
		<height>168</height>
		<depth>3</depth>
	</size>
	<object>
		<name>Damaged</name>
		<pose>Unspecified</pose>
		<truncated>0</truncated>
		<difficult>0</difficult>
		<bndbox>
			<xmin>115</xmin>
			<ymin>67</ymin>
			<xmax>216</xmax>
			<ymax>150</ymax>
		</bndbox>
	</object>
	<object>
		<name>Damaged</name>
		<pose>Unspecified</pose>
		<truncated>0</truncated>
		<difficult>0</difficult>
		<bndbox>
			<xmin>238</xmin>
			<ymin>69</ymin>
			<xmax>292</xmax>
			<ymax>128</ymax>
		</bndbox>
	</object>
</annotation>