<annotation>
	<folder>my-project-name</folder>
	<filename>Damaged-102.jpg</filename>
	<path>/my-project-name/Damaged-102.jpg</path>
	<source>
		<database>Unspecified</database>
	</source>
	<size>
		<width>233</width>
		<height>217</height>
		<depth>3</depth>
	</size>
	<object>
		<name>Damaged</name>
		<pose>Unspecified</pose>
		<truncated>0</truncated>
		<difficult>0</difficult>
		<bndbox>
			<xmin>50</xmin>
			<ymin>39</ymin>
			<xmax>114</xmax>
			<ymax>118</ymax>
		</bndbox>
	</object>
</annotation>