<annotation>
	<folder>my-project-name</folder>
	<filename>Damaged-253.jpg</filename>
	<path>/my-project-name/Damaged-253.jpg</path>
	<source>
		<database>Unspecified</database>
	</source>
	<size>
		<width>254</width>
		<height>198</height>
		<depth>3</depth>
	</size>
	<object>
		<name>Damaged</name>
		<pose>Unspecified</pose>
		<truncated>0</truncated>
		<difficult>0</difficult>
		<bndbox>
			<xmin>30</xmin>
			<ymin>57</ymin>
			<xmax>108</xmax>
			<ymax>134</ymax>
		</bndbox>
	</object>
</annotation>