<annotation>
	<folder>my-project-name</folder>
	<filename>Damaged-385.jpg</filename>
	<path>/my-project-name/Damaged-385.jpg</path>
	<source>
		<database>Unspecified</database>
	</source>
	<size>
		<width>276</width>
		<height>183</height>
		<depth>3</depth>
	</size>
	<object>
		<name>Damaged</name>
		<pose>Unspecified</pose>
		<truncated>0</truncated>
		<difficult>0</difficult>
		<bndbox>
			<xmin>93</xmin>
			<ymin>99</ymin>
			<xmax>155</xmax>
			<ymax>153</ymax>
		</bndbox>
	</object>
</annotation>