<annotation>
	<folder>my-project-name</folder>
	<filename>Damaged-209.jpg</filename>
	<path>/my-project-name/Damaged-209.jpg</path>
	<source>
		<database>Unspecified</database>
	</source>
	<size>
		<width>194</width>
		<height>259</height>
		<depth>3</depth>
	</size>
	<object>
		<name>Damaged</name>
		<pose>Unspecified</pose>
		<truncated>0</truncated>
		<difficult>0</difficult>
		<bndbox>
			<xmin>85</xmin>
			<ymin>130</ymin>
			<xmax>106</xmax>
			<ymax>186</ymax>
		</bndbox>
	</object>
</annotation>