<annotation>
	<folder>my-project-name</folder>
	<filename>Damaged-192.jpg</filename>
	<path>/my-project-name/Damaged-192.jpg</path>
	<source>
		<database>Unspecified</database>
	</source>
	<size>
		<width>299</width>
		<height>168</height>
		<depth>3</depth>
	</size>
	<object>
		<name>Damaged</name>
		<pose>Unspecified</pose>
		<truncated>0</truncated>
		<difficult>0</difficult>
		<bndbox>
			<xmin>79</xmin>
			<ymin>34</ymin>
			<xmax>121</xmax>
			<ymax>62</ymax>
		</bndbox>
	</object>
	<object>
		<name>Damaged</name>
		<pose>Unspecified</pose>
		<truncated>0</truncated>
		<difficult>0</difficult>
		<bndbox>
			<xmin>135</xmin>
			<ymin>31</ymin>
			<xmax>173</xmax>
			<ymax>65</ymax>
		</bndbox>
	</object>
	<object>
		<name>Damaged</name>
		<pose>Unspecified</pose>
		<truncated>0</truncated>
		<difficult>0</difficult>
		<bndbox>
			<xmin>217</xmin>
			<ymin>76</ymin>
			<xmax>245</xmax>
			<ymax>104</ymax>
		</bndbox>
	</object>
</annotation>