<annotation>
	<folder>my-project-name</folder>
	<filename>Damaged-625.jpg</filename>
	<path>/my-project-name/Damaged-625.jpg</path>
	<source>
		<database>Unspecified</database>
	</source>
	<size>
		<width>269</width>
		<height>188</height>
		<depth>3</depth>
	</size>
	<object>
		<name>Damaged</name>
		<pose>Unspecified</pose>
		<truncated>0</truncated>
		<difficult>0</difficult>
		<bndbox>
			<xmin>105</xmin>
			<ymin>14</ymin>
			<xmax>164</xmax>
			<ymax>71</ymax>
		</bndbox>
	</object>
	<object>
		<name>Damaged</name>
		<pose>Unspecified</pose>
		<truncated>0</truncated>
		<difficult>0</difficult>
		<bndbox>
			<xmin>89</xmin>
			<ymin>109</ymin>
			<xmax>131</xmax>
			<ymax>154</ymax>
		</bndbox>
	</object>
</annotation>