<annotation>
	<folder>my-project-name</folder>
	<filename>Damaged-569.jpg</filename>
	<path>/my-project-name/Damaged-569.jpg</path>
	<source>
		<database>Unspecified</database>
	</source>
	<size>
		<width>282</width>
		<height>179</height>
		<depth>3</depth>
	</size>
	<object>
		<name>Damaged</name>
		<pose>Unspecified</pose>
		<truncated>0</truncated>
		<difficult>0</difficult>
		<bndbox>
			<xmin>165</xmin>
			<ymin>43</ymin>
			<xmax>265</xmax>
			<ymax>111</ymax>
		</bndbox>
	</object>
</annotation>