<annotation>
	<folder>my-project-name</folder>
	<filename>Damaged-184.jpg</filename>
	<path>/my-project-name/Damaged-184.jpg</path>
	<source>
		<database>Unspecified</database>
	</source>
	<size>
		<width>308</width>
		<height>164</height>
		<depth>3</depth>
	</size>
	<object>
		<name>Damaged</name>
		<pose>Unspecified</pose>
		<truncated>0</truncated>
		<difficult>0</difficult>
		<bndbox>
			<xmin>179</xmin>
			<ymin>67</ymin>
			<xmax>213</xmax>
			<ymax>87</ymax>
		</bndbox>
	</object>
	<object>
		<name>Damaged</name>
		<pose>Unspecified</pose>
		<truncated>0</truncated>
		<difficult>0</difficult>
		<bndbox>
			<xmin>211</xmin>
			<ymin>81</ymin>
			<xmax>266</xmax>
			<ymax>100</ymax>
		</bndbox>
	</object>
	<object>
		<name>Damaged</name>
		<pose>Unspecified</pose>
		<truncated>0</truncated>
		<difficult>0</difficult>
		<bndbox>
			<xmin>280</xmin>
			<ymin>72</ymin>
			<xmax>300</xmax>
			<ymax>90</ymax>
		</bndbox>
	</object>
	<object>
		<name>Damaged</name>
		<pose>Unspecified</pose>
		<truncated>0</truncated>
		<difficult>0</difficult>
		<bndbox>
			<xmin>191</xmin>
			<ymin>134</ymin>
			<xmax>215</xmax>
			<ymax>148</ymax>
		</bndbox>
	</object>
	<object>
		<name>Damaged</name>
		<pose>Unspecified</pose>
		<truncated>0</truncated>
		<difficult>0</difficult>
		<bndbox>
			<xmin>147</xmin>
			<ymin>107</ymin>
			<xmax>165</xmax>
			<ymax>135</ymax>
		</bndbox>
	</object>
</annotation>