<annotation>
	<folder>my-project-name</folder>
	<filename>Damaged-343.jpg</filename>
	<path>/my-project-name/Damaged-343.jpg</path>
	<source>
		<database>Unspecified</database>
	</source>
	<size>
		<width>258</width>
		<height>196</height>
		<depth>3</depth>
	</size>
	<object>
		<name>Damaged</name>
		<pose>Unspecified</pose>
		<truncated>0</truncated>
		<difficult>0</difficult>
		<bndbox>
			<xmin>10</xmin>
			<ymin>51</ymin>
			<xmax>253</xmax>
			<ymax>130</ymax>
		</bndbox>
	</object>
	<object>
		<name>Damaged</name>
		<pose>Unspecified</pose>
		<truncated>0</truncated>
		<difficult>0</difficult>
		<bndbox>
			<xmin>59</xmin>
			<ymin>113</ymin>
			<xmax>166</xmax>
			<ymax>193</ymax>
		</bndbox>
	</object>
</annotation>