<annotation>
	<folder>my-project-name</folder>
	<filename>Damaged-460.jpg</filename>
	<path>/my-project-name/Damaged-460.jpg</path>
	<source>
		<database>Unspecified</database>
	</source>
	<size>
		<width>262</width>
		<height>192</height>
		<depth>3</depth>
	</size>
	<object>
		<name>Damaged</name>
		<pose>Unspecified</pose>
		<truncated>0</truncated>
		<difficult>0</difficult>
		<bndbox>
			<xmin>130</xmin>
			<ymin>78</ymin>
			<xmax>185</xmax>
			<ymax>132</ymax>
		</bndbox>
	</object>
</annotation>