<annotation>
	<folder>my-project-name</folder>
	<filename>Damaged-367.jpg</filename>
	<path>/my-project-name/Damaged-367.jpg</path>
	<source>
		<database>Unspecified</database>
	</source>
	<size>
		<width>290</width>
		<height>173</height>
		<depth>3</depth>
	</size>
	<object>
		<name>Damaged</name>
		<pose>Unspecified</pose>
		<truncated>0</truncated>
		<difficult>0</difficult>
		<bndbox>
			<xmin>42</xmin>
			<ymin>36</ymin>
			<xmax>127</xmax>
			<ymax>103</ymax>
		</bndbox>
	</object>
</annotation>