<annotation>
	<folder>my-project-name</folder>
	<filename>Damaged-391.jpg</filename>
	<path>/my-project-name/Damaged-391.jpg</path>
	<source>
		<database>Unspecified</database>
	</source>
	<size>
		<width>274</width>
		<height>184</height>
		<depth>3</depth>
	</size>
	<object>
		<name>Damaged</name>
		<pose>Unspecified</pose>
		<truncated>0</truncated>
		<difficult>0</difficult>
		<bndbox>
			<xmin>111</xmin>
			<ymin>82</ymin>
			<xmax>230</xmax>
			<ymax>161</ymax>
		</bndbox>
	</object>
	<object>
		<name>Damaged</name>
		<pose>Unspecified</pose>
		<truncated>0</truncated>
		<difficult>0</difficult>
		<bndbox>
			<xmin>58</xmin>
			<ymin>2</ymin>
			<xmax>153</xmax>
			<ymax>66</ymax>
		</bndbox>
	</object>
</annotation>