<annotation>
	<folder>my-project-name</folder>
	<filename>Damaged-603.jpg</filename>
	<path>/my-project-name/Damaged-603.jpg</path>
	<source>
		<database>Unspecified</database>
	</source>
	<size>
		<width>245</width>
		<height>206</height>
		<depth>3</depth>
	</size>
	<object>
		<name>Damaged</name>
		<pose>Unspecified</pose>
		<truncated>0</truncated>
		<difficult>0</difficult>
		<bndbox>
			<xmin>84</xmin>
			<ymin>26</ymin>
			<xmax>217</xmax>
			<ymax>146</ymax>
		</bndbox>
	</object>
	<object>
		<name>Damaged</name>
		<pose>Unspecified</pose>
		<truncated>0</truncated>
		<difficult>0</difficult>
		<bndbox>
			<xmin>0</xmin>
			<ymin>41</ymin>
			<xmax>57</xmax>
			<ymax>147</ymax>
		</bndbox>
	</object>
</annotation>