<annotation>
	<folder>my-project-name</folder>
	<filename>Damaged-537.jpg</filename>
	<path>/my-project-name/Damaged-537.jpg</path>
	<source>
		<database>Unspecified</database>
	</source>
	<size>
		<width>176</width>
		<height>286</height>
		<depth>3</depth>
	</size>
	<object>
		<name>Damaged</name>
		<pose>Unspecified</pose>
		<truncated>0</truncated>
		<difficult>0</difficult>
		<bndbox>
			<xmin>58</xmin>
			<ymin>121</ymin>
			<xmax>142</xmax>
			<ymax>208</ymax>
		</bndbox>
	</object>
</annotation>