<annotation>
	<folder>my-project-name</folder>
	<filename>Damaged-236.jpg</filename>
	<path>/my-project-name/Damaged-236.jpg</path>
	<source>
		<database>Unspecified</database>
	</source>
	<size>
		<width>259</width>
		<height>194</height>
		<depth>3</depth>
	</size>
	<object>
		<name>Damaged</name>
		<pose>Unspecified</pose>
		<truncated>0</truncated>
		<difficult>0</difficult>
		<bndbox>
			<xmin>39</xmin>
			<ymin>43</ymin>
			<xmax>64</xmax>
			<ymax>65</ymax>
		</bndbox>
	</object>
	<object>
		<name>Damaged</name>
		<pose>Unspecified</pose>
		<truncated>0</truncated>
		<difficult>0</difficult>
		<bndbox>
			<xmin>78</xmin>
			<ymin>114</ymin>
			<xmax>246</xmax>
			<ymax>192</ymax>
		</bndbox>
	</object>
</annotation>