<annotation>
	<folder>my-project-name</folder>
	<filename>Damaged-267.jpg</filename>
	<path>/my-project-name/Damaged-267.jpg</path>
	<source>
		<database>Unspecified</database>
	</source>
	<size>
		<width>259</width>
		<height>194</height>
		<depth>3</depth>
	</size>
	<object>
		<name>Damaged</name>
		<pose>Unspecified</pose>
		<truncated>0</truncated>
		<difficult>0</difficult>
		<bndbox>
			<xmin>86</xmin>
			<ymin>69</ymin>
			<xmax>160</xmax>
			<ymax>115</ymax>
		</bndbox>
	</object>
	<object>
		<name>Damaged</name>
		<pose>Unspecified</pose>
		<truncated>0</truncated>
		<difficult>0</difficult>
		<bndbox>
			<xmin>143</xmin>
			<ymin>86</ymin>
			<xmax>211</xmax>
			<ymax>138</ymax>
		</bndbox>
	</object>
</annotation>