<annotation>
	<folder>my-project-name</folder>
	<filename>Damaged-1018.jpg</filename>
	<path>/my-project-name/Damaged-1018.jpg</path>
	<source>
		<database>Unspecified</database>
	</source>
	<size>
		<width>284</width>
		<height>177</height>
		<depth>3</depth>
	</size>
	<object>
		<name>Damaged</name>
		<pose>Unspecified</pose>
		<truncated>0</truncated>
		<difficult>0</difficult>
		<bndbox>
			<xmin>55</xmin>
			<ymin>46</ymin>
			<xmax>74</xmax>
			<ymax>87</ymax>
		</bndbox>
	</object>
	<object>
		<name>Damaged</name>
		<pose>Unspecified</pose>
		<truncated>0</truncated>
		<difficult>0</difficult>
		<bndbox>
			<xmin>115</xmin>
			<ymin>72</ymin>
			<xmax>156</xmax>
			<ymax>115</ymax>
		</bndbox>
	</object>
</annotation>