<annotation>
	<folder>my-project-name</folder>
	<filename>Damaged-239.jpg</filename>
	<path>/my-project-name/Damaged-239.jpg</path>
	<source>
		<database>Unspecified</database>
	</source>
	<size>
		<width>194</width>
		<height>259</height>
		<depth>3</depth>
	</size>
	<object>
		<name>Damaged</name>
		<pose>Unspecified</pose>
		<truncated>0</truncated>
		<difficult>0</difficult>
		<bndbox>
			<xmin>43</xmin>
			<ymin>1</ymin>
			<xmax>103</xmax>
			<ymax>146</ymax>
		</bndbox>
	</object>
	<object>
		<name>Damaged</name>
		<pose>Unspecified</pose>
		<truncated>0</truncated>
		<difficult>0</difficult>
		<bndbox>
			<xmin>127</xmin>
			<ymin>109</ymin>
			<xmax>194</xmax>
			<ymax>134</ymax>
		</bndbox>
	</object>
</annotation>