<annotation>
	<folder>my-project-name</folder>
	<filename>Damaged-521.jpg</filename>
	<path>/my-project-name/Damaged-521.jpg</path>
	<source>
		<database>Unspecified</database>
	</source>
	<size>
		<width>269</width>
		<height>187</height>
		<depth>3</depth>
	</size>
	<object>
		<name>Damaged</name>
		<pose>Unspecified</pose>
		<truncated>0</truncated>
		<difficult>0</difficult>
		<bndbox>
			<xmin>3</xmin>
			<ymin>38</ymin>
			<xmax>102</xmax>
			<ymax>123</ymax>
		</bndbox>
	</object>
	<object>
		<name>Damaged</name>
		<pose>Unspecified</pose>
		<truncated>0</truncated>
		<difficult>0</difficult>
		<bndbox>
			<xmin>190</xmin>
			<ymin>71</ymin>
			<xmax>256</xmax>
			<ymax>139</ymax>
		</bndbox>
	</object>
</annotation>