<annotation>
	<folder>my-project-name</folder>
	<filename>Damaged-314.jpg</filename>
	<path>/my-project-name/Damaged-314.jpg</path>
	<source>
		<database>Unspecified</database>
	</source>
	<size>
		<width>299</width>
		<height>168</height>
		<depth>3</depth>
	</size>
	<object>
		<name>Damaged</name>
		<pose>Unspecified</pose>
		<truncated>0</truncated>
		<difficult>0</difficult>
		<bndbox>
			<xmin>56</xmin>
			<ymin>40</ymin>
			<xmax>122</xmax>
			<ymax>112</ymax>
		</bndbox>
	</object>
	<object>
		<name>Damaged</name>
		<pose>Unspecified</pose>
		<truncated>0</truncated>
		<difficult>0</difficult>
		<bndbox>
			<xmin>128</xmin>
			<ymin>34</ymin>
			<xmax>226</xmax>
			<ymax>65</ymax>
		</bndbox>
	</object>
</annotation>