<annotation>
	<folder>my-project-name</folder>
	<filename>Damaged-585.jpg</filename>
	<path>/my-project-name/Damaged-585.jpg</path>
	<source>
		<database>Unspecified</database>
	</source>
	<size>
		<width>213</width>
		<height>236</height>
		<depth>3</depth>
	</size>
	<object>
		<name>Damaged</name>
		<pose>Unspecified</pose>
		<truncated>0</truncated>
		<difficult>0</difficult>
		<bndbox>
			<xmin>73</xmin>
			<ymin>48</ymin>
			<xmax>146</xmax>
			<ymax>182</ymax>
		</bndbox>
	</object>
</annotation>