<annotation>
	<folder>my-project-name</folder>
	<filename>Damaged-417.jpg</filename>
	<path>/my-project-name/Damaged-417.jpg</path>
	<source>
		<database>Unspecified</database>
	</source>
	<size>
		<width>219</width>
		<height>230</height>
		<depth>3</depth>
	</size>
	<object>
		<name>Damaged</name>
		<pose>Unspecified</pose>
		<truncated>0</truncated>
		<difficult>0</difficult>
		<bndbox>
			<xmin>136</xmin>
			<ymin>159</ymin>
			<xmax>197</xmax>
			<ymax>193</ymax>
		</bndbox>
	</object>
</annotation>