<annotation>
	<folder>my-project-name</folder>
	<filename>Damaged-576.jpg</filename>
	<path>/my-project-name/Damaged-576.jpg</path>
	<source>
		<database>Unspecified</database>
	</source>
	<size>
		<width>321</width>
		<height>157</height>
		<depth>3</depth>
	</size>
	<object>
		<name>Damaged</name>
		<pose>Unspecified</pose>
		<truncated>0</truncated>
		<difficult>0</difficult>
		<bndbox>
			<xmin>91</xmin>
			<ymin>35</ymin>
			<xmax>190</xmax>
			<ymax>76</ymax>
		</bndbox>
	</object>
</annotation>