<annotation>
	<folder>my-project-name</folder>
	<filename>Damaged-562.jpg</filename>
	<path>/my-project-name/Damaged-562.jpg</path>
	<source>
		<database>Unspecified</database>
	</source>
	<size>
		<width>225</width>
		<height>225</height>
		<depth>3</depth>
	</size>
	<object>
		<name>Damaged</name>
		<pose>Unspecified</pose>
		<truncated>0</truncated>
		<difficult>0</difficult>
		<bndbox>
			<xmin>76</xmin>
			<ymin>93</ymin>
			<xmax>141</xmax>
			<ymax>136</ymax>
		</bndbox>
	</object>
</annotation>