<annotation>
	<folder>my-project-name</folder>
	<filename>Damaged-227.jpg</filename>
	<path>/my-project-name/Damaged-227.jpg</path>
	<source>
		<database>Unspecified</database>
	</source>
	<size>
		<width>260</width>
		<height>194</height>
		<depth>3</depth>
	</size>
	<object>
		<name>Damaged</name>
		<pose>Unspecified</pose>
		<truncated>0</truncated>
		<difficult>0</difficult>
		<bndbox>
			<xmin>66</xmin>
			<ymin>44</ymin>
			<xmax>99</xmax>
			<ymax>137</ymax>
		</bndbox>
	</object>
</annotation>