<annotation>
	<folder>my-project-name</folder>
	<filename>Damaged-181.jpg</filename>
	<path>/my-project-name/Damaged-181.jpg</path>
	<source>
		<database>Unspecified</database>
	</source>
	<size>
		<width>300</width>
		<height>168</height>
		<depth>3</depth>
	</size>
	<object>
		<name>Damaged</name>
		<pose>Unspecified</pose>
		<truncated>0</truncated>
		<difficult>0</difficult>
		<bndbox>
			<xmin>163</xmin>
			<ymin>53</ymin>
			<xmax>181</xmax>
			<ymax>65</ymax>
		</bndbox>
	</object>
	<object>
		<name>Damaged</name>
		<pose>Unspecified</pose>
		<truncated>0</truncated>
		<difficult>0</difficult>
		<bndbox>
			<xmin>99</xmin>
			<ymin>44</ymin>
			<xmax>150</xmax>
			<ymax>60</ymax>
		</bndbox>
	</object>
	<object>
		<name>Damaged</name>
		<pose>Unspecified</pose>
		<truncated>0</truncated>
		<difficult>0</difficult>
		<bndbox>
			<xmin>149</xmin>
			<ymin>36</ymin>
			<xmax>170</xmax>
			<ymax>50</ymax>
		</bndbox>
	</object>
</annotation>