<annotation>
	<folder>my-project-name</folder>
	<filename>Damaged-440.jpg</filename>
	<path>/my-project-name/Damaged-440.jpg</path>
	<source>
		<database>Unspecified</database>
	</source>
	<size>
		<width>260</width>
		<height>194</height>
		<depth>3</depth>
	</size>
	<object>
		<name>Damaged</name>
		<pose>Unspecified</pose>
		<truncated>0</truncated>
		<difficult>0</difficult>
		<bndbox>
			<xmin>81</xmin>
			<ymin>89</ymin>
			<xmax>122</xmax>
			<ymax>127</ymax>
		</bndbox>
	</object>
</annotation>