<annotation>
	<folder>my-project-name</folder>
	<filename>Damaged-586.jpg</filename>
	<path>/my-project-name/Damaged-586.jpg</path>
	<source>
		<database>Unspecified</database>
	</source>
	<size>
		<width>259</width>
		<height>194</height>
		<depth>3</depth>
	</size>
	<object>
		<name>Damaged</name>
		<pose>Unspecified</pose>
		<truncated>0</truncated>
		<difficult>0</difficult>
		<bndbox>
			<xmin>81</xmin>
			<ymin>77</ymin>
			<xmax>120</xmax>
			<ymax>121</ymax>
		</bndbox>
	</object>
	<object>
		<name>Damaged</name>
		<pose>Unspecified</pose>
		<truncated>0</truncated>
		<difficult>0</difficult>
		<bndbox>
			<xmin>27</xmin>
			<ymin>85</ymin>
			<xmax>98</xmax>
			<ymax>152</ymax>
		</bndbox>
	</object>
</annotation>