<annotation>
	<folder>my-project-name</folder>
	<filename>Damaged-178.jpg</filename>
	<path>/my-project-name/Damaged-178.jpg</path>
	<source>
		<database>Unspecified</database>
	</source>
	<size>
		<width>336</width>
		<height>150</height>
		<depth>3</depth>
	</size>
	<object>
		<name>Damaged</name>
		<pose>Unspecified</pose>
		<truncated>0</truncated>
		<difficult>0</difficult>
		<bndbox>
			<xmin>188</xmin>
			<ymin>63</ymin>
			<xmax>251</xmax>
			<ymax>98</ymax>
		</bndbox>
	</object>
	<object>
		<name>Damaged</name>
		<pose>Unspecified</pose>
		<truncated>0</truncated>
		<difficult>0</difficult>
		<bndbox>
			<xmin>103</xmin>
			<ymin>85</ymin>
			<xmax>161</xmax>
			<ymax>130</ymax>
		</bndbox>
	</object>
</annotation>