<annotation>
	<folder>my-project-name</folder>
	<filename>Damaged-429.jpg</filename>
	<path>/my-project-name/Damaged-429.jpg</path>
	<source>
		<database>Unspecified</database>
	</source>
	<size>
		<width>204</width>
		<height>247</height>
		<depth>3</depth>
	</size>
	<object>
		<name>Damaged</name>
		<pose>Unspecified</pose>
		<truncated>0</truncated>
		<difficult>0</difficult>
		<bndbox>
			<xmin>95</xmin>
			<ymin>153</ymin>
			<xmax>135</xmax>
			<ymax>196</ymax>
		</bndbox>
	</object>
</annotation>