<annotation>
	<folder>my-project-name</folder>
	<filename>Damaged-605.jpg</filename>
	<path>/my-project-name/Damaged-605.jpg</path>
	<source>
		<database>Unspecified</database>
	</source>
	<size>
		<width>179</width>
		<height>281</height>
		<depth>3</depth>
	</size>
	<object>
		<name>Damaged</name>
		<pose>Unspecified</pose>
		<truncated>0</truncated>
		<difficult>0</difficult>
		<bndbox>
			<xmin>31</xmin>
			<ymin>154</ymin>
			<xmax>112</xmax>
			<ymax>210</ymax>
		</bndbox>
	</object>
</annotation>