<annotation>
	<folder>my-project-name</folder>
	<filename>Damaged-272.jpg</filename>
	<path>/my-project-name/Damaged-272.jpg</path>
	<source>
		<database>Unspecified</database>
	</source>
	<size>
		<width>280</width>
		<height>180</height>
		<depth>3</depth>
	</size>
	<object>
		<name>Damaged</name>
		<pose>Unspecified</pose>
		<truncated>0</truncated>
		<difficult>0</difficult>
		<bndbox>
			<xmin>123</xmin>
			<ymin>119</ymin>
			<xmax>230</xmax>
			<ymax>145</ymax>
		</bndbox>
	</object>
	<object>
		<name>Damaged</name>
		<pose>Unspecified</pose>
		<truncated>0</truncated>
		<difficult>0</difficult>
		<bndbox>
			<xmin>63</xmin>
			<ymin>121</ymin>
			<xmax>88</xmax>
			<ymax>139</ymax>
		</bndbox>
	</object>
</annotation>