<annotation>
	<folder>my-project-name</folder>
	<filename>Damaged-240.jpg</filename>
	<path>/my-project-name/Damaged-240.jpg</path>
	<source>
		<database>Unspecified</database>
	</source>
	<size>
		<width>275</width>
		<height>183</height>
		<depth>3</depth>
	</size>
	<object>
		<name>Damaged</name>
		<pose>Unspecified</pose>
		<truncated>0</truncated>
		<difficult>0</difficult>
		<bndbox>
			<xmin>113</xmin>
			<ymin>38</ymin>
			<xmax>177</xmax>
			<ymax>82</ymax>
		</bndbox>
	</object>
	<object>
		<name>Damaged</name>
		<pose>Unspecified</pose>
		<truncated>0</truncated>
		<difficult>0</difficult>
		<bndbox>
			<xmin>122</xmin>
			<ymin>99</ymin>
			<xmax>154</xmax>
			<ymax>133</ymax>
		</bndbox>
	</object>
</annotation>