<annotation>
	<folder>train</folder>
	<filename>ceiling-44-1.jpg</filename>
	<path>C:\TCS\Development\DamageClassification\images\train\ceiling-44-1.jpg</path>
	<source>
		<database>Unknown</database>
	</source>
	<size>
		<width>300</width>
		<height>168</height>
		<depth>3</depth>
	</size>
	<segmented>0</segmented>
	<object>
		<name>Damage</name>
		<pose>Unspecified</pose>
		<truncated>1</truncated>
		<difficult>0</difficult>
		<bndbox>
			<xmin>1</xmin>
			<ymin>1</ymin>
			<xmax>90</xmax>
			<ymax>62</ymax>
		</bndbox>
	</object>
	<object>
		<name>Damage</name>
		<pose>Unspecified</pose>
		<truncated>0</truncated>
		<difficult>0</difficult>
		<bndbox>
			<xmin>133</xmin>
			<ymin>93</ymin>
			<xmax>236</xmax>
			<ymax>119</ymax>
		</bndbox>
	</object>
</annotation>
