<annotation>
	<folder>train</folder>
	<filename>ceiling-215-1.jpg</filename>
	<path>C:\TCS\Development\DamageClassification\images\train\ceiling-215-1.jpg</path>
	<source>
		<database>Unknown</database>
	</source>
	<size>
		<width>275</width>
		<height>183</height>
		<depth>3</depth>
	</size>
	<segmented>0</segmented>
	<object>
		<name>Damage</name>
		<pose>Unspecified</pose>
		<truncated>0</truncated>
		<difficult>0</difficult>
		<bndbox>
			<xmin>137</xmin>
			<ymin>17</ymin>
			<xmax>235</xmax>
			<ymax>126</ymax>
		</bndbox>
	</object>
	<object>
		<name>Damage</name>
		<pose>Unspecified</pose>
		<truncated>1</truncated>
		<difficult>0</difficult>
		<bndbox>
			<xmin>1</xmin>
			<ymin>71</ymin>
			<xmax>201</xmax>
			<ymax>124</ymax>
		</bndbox>
	</object>
</annotation>
