<annotation>
	<folder>train</folder>
	<filename>ceiling-218-1.jpg</filename>
	<path>C:\TCS\Development\DamageClassification\images\train\ceiling-218-1.jpg</path>
	<source>
		<database>Unknown</database>
	</source>
	<size>
		<width>275</width>
		<height>183</height>
		<depth>3</depth>
	</size>
	<segmented>0</segmented>
	<object>
		<name>Damage</name>
		<pose>Unspecified</pose>
		<truncated>1</truncated>
		<difficult>0</difficult>
		<bndbox>
			<xmin>1</xmin>
			<ymin>1</ymin>
			<xmax>245</xmax>
			<ymax>132</ymax>
		</bndbox>
	</object>
	<object>
		<name>Damage</name>
		<pose>Unspecified</pose>
		<truncated>0</truncated>
		<difficult>0</difficult>
		<bndbox>
			<xmin>189</xmin>
			<ymin>137</ymin>
			<xmax>246</xmax>
			<ymax>154</ymax>
		</bndbox>
	</object>
</annotation>
