<annotation>
	<folder>train</folder>
	<filename>ceiling-40-1.jpg</filename>
	<path>C:\TCS\Development\DamageClassification\images\train\ceiling-40-1.jpg</path>
	<source>
		<database>Unknown</database>
	</source>
	<size>
		<width>348</width>
		<height>145</height>
		<depth>3</depth>
	</size>
	<segmented>0</segmented>
	<object>
		<name>Damage</name>
		<pose>Unspecified</pose>
		<truncated>0</truncated>
		<difficult>0</difficult>
		<bndbox>
			<xmin>9</xmin>
			<ymin>28</ymin>
			<xmax>322</xmax>
			<ymax>110</ymax>
		</bndbox>
	</object>
</annotation>
