<annotation>
	<folder>train</folder>
	<filename>glass-246-1.jpg</filename>
	<path>C:\TCS\Development\DamageClassification\images\train\glass-246-1.jpg</path>
	<source>
		<database>Unknown</database>
	</source>
	<size>
		<width>318</width>
		<height>159</height>
		<depth>3</depth>
	</size>
	<segmented>0</segmented>
	<object>
		<name>Damage</name>
		<pose>Unspecified</pose>
		<truncated>0</truncated>
		<difficult>0</difficult>
		<bndbox>
			<xmin>32</xmin>
			<ymin>16</ymin>
			<xmax>317</xmax>
			<ymax>137</ymax>
		</bndbox>
	</object>
</annotation>
