<annotation>
	<folder>train</folder>
	<filename>glass-236-1.jpg</filename>
	<path>C:\TCS\Development\DamageClassification\images\train\glass-236-1.jpg</path>
	<source>
		<database>Unknown</database>
	</source>
	<size>
		<width>1257</width>
		<height>835</height>
		<depth>3</depth>
	</size>
	<segmented>0</segmented>
	<object>
		<name>Damage</name>
		<pose>Unspecified</pose>
		<truncated>0</truncated>
		<difficult>0</difficult>
		<bndbox>
			<xmin>65</xmin>
			<ymin>40</ymin>
			<xmax>390</xmax>
			<ymax>583</ymax>
		</bndbox>
	</object>
</annotation>
