<annotation>
	<folder>train</folder>
	<filename>glass-229-1.jpg</filename>
	<path>C:\TCS\Development\DamageClassification\images\train\glass-229-1.jpg</path>
	<source>
		<database>Unknown</database>
	</source>
	<size>
		<width>1000</width>
		<height>665</height>
		<depth>3</depth>
	</size>
	<segmented>0</segmented>
	<object>
		<name>Damage</name>
		<pose>Unspecified</pose>
		<truncated>0</truncated>
		<difficult>0</difficult>
		<bndbox>
			<xmin>338</xmin>
			<ymin>94</ymin>
			<xmax>686</xmax>
			<ymax>506</ymax>
		</bndbox>
	</object>
</annotation>
