<annotation>
	<folder>train</folder>
	<filename>glass-242-1.jpg</filename>
	<path>C:\TCS\Development\DamageClassification\images\train\glass-242-1.jpg</path>
	<source>
		<database>Unknown</database>
	</source>
	<size>
		<width>225</width>
		<height>225</height>
		<depth>3</depth>
	</size>
	<segmented>0</segmented>
	<object>
		<name>Damage</name>
		<pose>Unspecified</pose>
		<truncated>0</truncated>
		<difficult>0</difficult>
		<bndbox>
			<xmin>54</xmin>
			<ymin>46</ymin>
			<xmax>167</xmax>
			<ymax>175</ymax>
		</bndbox>
	</object>
</annotation>
