<annotation>
	<folder>train</folder>
	<filename>glass-66-1.jpg</filename>
	<path>C:\TCS\Development\DamageClassification\images\train\glass-66-1.jpg</path>
	<source>
		<database>Unknown</database>
	</source>
	<size>
		<width>1920</width>
		<height>2560</height>
		<depth>3</depth>
	</size>
	<segmented>0</segmented>
	<object>
		<name>Damage</name>
		<pose>Unspecified</pose>
		<truncated>0</truncated>
		<difficult>0</difficult>
		<bndbox>
			<xmin>332</xmin>
			<ymin>83</ymin>
			<xmax>890</xmax>
			<ymax>533</ymax>
		</bndbox>
	</object>
	<object>
		<name>Damage</name>
		<pose>Unspecified</pose>
		<truncated>0</truncated>
		<difficult>0</difficult>
		<bndbox>
			<xmin>348</xmin>
			<ymin>1364</ymin>
			<xmax>863</xmax>
			<ymax>2072</ymax>
		</bndbox>
	</object>
	<object>
		<name>Damage</name>
		<pose>Unspecified</pose>
		<truncated>0</truncated>
		<difficult>0</difficult>
		<bndbox>
			<xmin>909</xmin>
			<ymin>602</ymin>
			<xmax>1532</xmax>
			<ymax>1414</ymax>
		</bndbox>
	</object>
</annotation>
