<annotation>
	<folder>train</folder>
	<filename>glass-87-1.jpg</filename>
	<path>C:\TCS\Development\DamageClassification\images\train\glass-87-1.jpg</path>
	<source>
		<database>Unknown</database>
	</source>
	<size>
		<width>183</width>
		<height>275</height>
		<depth>3</depth>
	</size>
	<segmented>0</segmented>
	<object>
		<name>Damage</name>
		<pose>Unspecified</pose>
		<truncated>0</truncated>
		<difficult>0</difficult>
		<bndbox>
			<xmin>7</xmin>
			<ymin>72</ymin>
			<xmax>166</xmax>
			<ymax>237</ymax>
		</bndbox>
	</object>
</annotation>
