<annotation>
	<folder>train</folder>
	<filename>glass-96-1.jpg</filename>
	<path>C:\TCS\Development\DamageClassification\images\train\glass-96-1.jpg</path>
	<source>
		<database>Unknown</database>
	</source>
	<size>
		<width>1023</width>
		<height>614</height>
		<depth>3</depth>
	</size>
	<segmented>0</segmented>
	<object>
		<name>Damage</name>
		<pose>Unspecified</pose>
		<truncated>0</truncated>
		<difficult>0</difficult>
		<bndbox>
			<xmin>169</xmin>
			<ymin>6</ymin>
			<xmax>840</xmax>
			<ymax>528</ymax>
		</bndbox>
	</object>
</annotation>
