<annotation>
	<folder>train</folder>
	<filename>glass-230-1.jpg</filename>
	<path>C:\TCS\Development\DamageClassification\images\train\glass-230-1.jpg</path>
	<source>
		<database>Unknown</database>
	</source>
	<size>
		<width>570</width>
		<height>380</height>
		<depth>3</depth>
	</size>
	<segmented>0</segmented>
	<object>
		<name>Damage</name>
		<pose>Unspecified</pose>
		<truncated>0</truncated>
		<difficult>0</difficult>
		<bndbox>
			<xmin>166</xmin>
			<ymin>60</ymin>
			<xmax>373</xmax>
			<ymax>337</ymax>
		</bndbox>
	</object>
</annotation>
