<annotation>
	<folder>train</folder>
	<filename>glass-238-1.jpg</filename>
	<path>C:\TCS\Development\DamageClassification\images\train\glass-238-1.jpg</path>
	<source>
		<database>Unknown</database>
	</source>
	<size>
		<width>278</width>
		<height>300</height>
		<depth>3</depth>
	</size>
	<segmented>0</segmented>
	<object>
		<name>Damage</name>
		<pose>Unspecified</pose>
		<truncated>0</truncated>
		<difficult>0</difficult>
		<bndbox>
			<xmin>81</xmin>
			<ymin>113</ymin>
			<xmax>149</xmax>
			<ymax>175</ymax>
		</bndbox>
	</object>
</annotation>
