<annotation>
	<folder>train</folder>
	<filename>glass-232-1.jpg</filename>
	<path>C:\TCS\Development\DamageClassification\images\train\glass-232-1.jpg</path>
	<source>
		<database>Unknown</database>
	</source>
	<size>
		<width>331</width>
		<height>240</height>
		<depth>3</depth>
	</size>
	<segmented>0</segmented>
	<object>
		<name>Damage</name>
		<pose>Unspecified</pose>
		<truncated>1</truncated>
		<difficult>0</difficult>
		<bndbox>
			<xmin>65</xmin>
			<ymin>1</ymin>
			<xmax>330</xmax>
			<ymax>240</ymax>
		</bndbox>
	</object>
</annotation>
