<annotation>
	<folder>train</folder>
	<filename>glass-83-1.jpg</filename>
	<path>C:\TCS\Development\DamageClassification\images\train\glass-83-1.jpg</path>
	<source>
		<database>Unknown</database>
	</source>
	<size>
		<width>210</width>
		<height>240</height>
		<depth>3</depth>
	</size>
	<segmented>0</segmented>
	<object>
		<name>Damage</name>
		<pose>Unspecified</pose>
		<truncated>0</truncated>
		<difficult>0</difficult>
		<bndbox>
			<xmin>116</xmin>
			<ymin>11</ymin>
			<xmax>187</xmax>
			<ymax>100</ymax>
		</bndbox>
	</object>
</annotation>
