<annotation>
	<folder>train</folder>
	<filename>glass-237-1.jpg</filename>
	<path>C:\TCS\Development\DamageClassification\images\train\glass-237-1.jpg</path>
	<source>
		<database>Unknown</database>
	</source>
	<size>
		<width>400</width>
		<height>600</height>
		<depth>3</depth>
	</size>
	<segmented>0</segmented>
	<object>
		<name>Damage</name>
		<pose>Unspecified</pose>
		<truncated>0</truncated>
		<difficult>0</difficult>
		<bndbox>
			<xmin>201</xmin>
			<ymin>284</ymin>
			<xmax>339</xmax>
			<ymax>467</ymax>
		</bndbox>
	</object>
</annotation>
