<annotation>
	<folder>train</folder>
	<filename>glass-235-1.jpg</filename>
	<path>C:\TCS\Development\DamageClassification\images\train\glass-235-1.jpg</path>
	<source>
		<database>Unknown</database>
	</source>
	<size>
		<width>2000</width>
		<height>1210</height>
		<depth>3</depth>
	</size>
	<segmented>0</segmented>
	<object>
		<name>Damage</name>
		<pose>Unspecified</pose>
		<truncated>0</truncated>
		<difficult>0</difficult>
		<bndbox>
			<xmin>416</xmin>
			<ymin>69</ymin>
			<xmax>1033</xmax>
			<ymax>1122</ymax>
		</bndbox>
	</object>
	<object>
		<name>Damage</name>
		<pose>Unspecified</pose>
		<truncated>0</truncated>
		<difficult>0</difficult>
		<bndbox>
			<xmin>1412</xmin>
			<ymin>926</ymin>
			<xmax>1620</xmax>
			<ymax>1111</ymax>
		</bndbox>
	</object>
</annotation>
