<annotation>
	<folder>train</folder>
	<filename>glass-231-1.jpg</filename>
	<path>C:\TCS\Development\DamageClassification\images\train\glass-231-1.jpg</path>
	<source>
		<database>Unknown</database>
	</source>
	<size>
		<width>1000</width>
		<height>600</height>
		<depth>3</depth>
	</size>
	<segmented>0</segmented>
	<object>
		<name>Damage</name>
		<pose>Unspecified</pose>
		<truncated>0</truncated>
		<difficult>0</difficult>
		<bndbox>
			<xmin>209</xmin>
			<ymin>68</ymin>
			<xmax>460</xmax>
			<ymax>585</ymax>
		</bndbox>
	</object>
	<object>
		<name>Damage</name>
		<pose>Unspecified</pose>
		<truncated>0</truncated>
		<difficult>0</difficult>
		<bndbox>
			<xmin>700</xmin>
			<ymin>492</ymin>
			<xmax>808</xmax>
			<ymax>582</ymax>
		</bndbox>
	</object>
</annotation>
