<annotation>
	<folder>train</folder>
	<filename>glass-72-1.jpg</filename>
	<path>C:\TCS\Development\DamageClassification\images\train\glass-72-1.jpg</path>
	<source>
		<database>Unknown</database>
	</source>
	<size>
		<width>275</width>
		<height>183</height>
		<depth>3</depth>
	</size>
	<segmented>0</segmented>
	<object>
		<name>Damage</name>
		<pose>Unspecified</pose>
		<truncated>0</truncated>
		<difficult>0</difficult>
		<bndbox>
			<xmin>87</xmin>
			<ymin>78</ymin>
			<xmax>163</xmax>
			<ymax>158</ymax>
		</bndbox>
	</object>
</annotation>
