<annotation>
	<folder>train</folder>
	<filename>home-23-1.jpg</filename>
	<path>C:\TCS\Development\DamageClassification\images\train\home-23-1.jpg</path>
	<source>
		<database>Unknown</database>
	</source>
	<size>
		<width>1280</width>
		<height>856</height>
		<depth>3</depth>
	</size>
	<segmented>0</segmented>
	<object>
		<name>Damage</name>
		<pose>Unspecified</pose>
		<truncated>0</truncated>
		<difficult>0</difficult>
		<bndbox>
			<xmin>22</xmin>
			<ymin>39</ymin>
			<xmax>1258</xmax>
			<ymax>726</ymax>
		</bndbox>
	</object>
</annotation>
