<annotation>
	<folder>train</folder>
	<filename>home-250-1.jpg</filename>
	<path>C:\TCS\Development\DamageClassification\images\train\home-250-1.jpg</path>
	<source>
		<database>Unknown</database>
	</source>
	<size>
		<width>262</width>
		<height>192</height>
		<depth>3</depth>
	</size>
	<segmented>0</segmented>
	<object>
		<name>Damage</name>
		<pose>Unspecified</pose>
		<truncated>0</truncated>
		<difficult>0</difficult>
		<bndbox>
			<xmin>2</xmin>
			<ymin>66</ymin>
			<xmax>180</xmax>
			<ymax>127</ymax>
		</bndbox>
	</object>
</annotation>
