<annotation>
	<folder>train</folder>
	<filename>home-233-1.jpg</filename>
	<path>C:\TCS\Development\DamageClassification\images\train\home-233-1.jpg</path>
	<source>
		<database>Unknown</database>
	</source>
	<size>
		<width>432</width>
		<height>288</height>
		<depth>3</depth>
	</size>
	<segmented>0</segmented>
	<object>
		<name>Damage</name>
		<pose>Unspecified</pose>
		<truncated>0</truncated>
		<difficult>0</difficult>
		<bndbox>
			<xmin>198</xmin>
			<ymin>53</ymin>
			<xmax>309</xmax>
			<ymax>133</ymax>
		</bndbox>
	</object>
</annotation>
