<annotation>
	<folder>train</folder>
	<filename>home-239-1.jpg</filename>
	<path>C:\TCS\Development\DamageClassification\images\train\home-239-1.jpg</path>
	<source>
		<database>Unknown</database>
	</source>
	<size>
		<width>276</width>
		<height>183</height>
		<depth>3</depth>
	</size>
	<segmented>0</segmented>
	<object>
		<name>Damage</name>
		<pose>Unspecified</pose>
		<truncated>0</truncated>
		<difficult>0</difficult>
		<bndbox>
			<xmin>92</xmin>
			<ymin>52</ymin>
			<xmax>201</xmax>
			<ymax>114</ymax>
		</bndbox>
	</object>
</annotation>
