<annotation>
	<folder>train</folder>
	<filename>home-41-0.jpg</filename>
	<path>C:\TCS\Development\DamageClassification\images\train\home-41-0.jpg</path>
	<source>
		<database>Unknown</database>
	</source>
	<size>
		<width>300</width>
		<height>168</height>
		<depth>3</depth>
	</size>
	<segmented>0</segmented>
	<object>
		<name>Damage</name>
		<pose>Unspecified</pose>
		<truncated>0</truncated>
		<difficult>0</difficult>
		<bndbox>
			<xmin>76</xmin>
			<ymin>4</ymin>
			<xmax>178</xmax>
			<ymax>63</ymax>
		</bndbox>
	</object>
</annotation>
