<annotation>
	<folder>train</folder>
	<filename>home-247-1.jpg</filename>
	<path>C:\TCS\Development\DamageClassification\images\train\home-247-1.jpg</path>
	<source>
		<database>Unknown</database>
	</source>
	<size>
		<width>318</width>
		<height>159</height>
		<depth>3</depth>
	</size>
	<segmented>0</segmented>
	<object>
		<name>Damage</name>
		<pose>Unspecified</pose>
		<truncated>0</truncated>
		<difficult>0</difficult>
		<bndbox>
			<xmin>45</xmin>
			<ymin>24</ymin>
			<xmax>289</xmax>
			<ymax>81</ymax>
		</bndbox>
	</object>
	<object>
		<name>Damage</name>
		<pose>Unspecified</pose>
		<truncated>1</truncated>
		<difficult>0</difficult>
		<bndbox>
			<xmin>201</xmin>
			<ymin>113</ymin>
			<xmax>318</xmax>
			<ymax>154</ymax>
		</bndbox>
	</object>
	<object>
		<name>Damage</name>
		<pose>Unspecified</pose>
		<truncated>0</truncated>
		<difficult>0</difficult>
		<bndbox>
			<xmin>48</xmin>
			<ymin>86</ymin>
			<xmax>121</xmax>
			<ymax>131</ymax>
		</bndbox>
	</object>
</annotation>
