<annotation>
	<folder>train</folder>
	<filename>home-249-1.jpg</filename>
	<path>C:\TCS\Development\DamageClassification\images\train\home-249-1.jpg</path>
	<source>
		<database>Unknown</database>
	</source>
	<size>
		<width>1200</width>
		<height>895</height>
		<depth>3</depth>
	</size>
	<segmented>0</segmented>
	<object>
		<name>Damage</name>
		<pose>Unspecified</pose>
		<truncated>0</truncated>
		<difficult>0</difficult>
		<bndbox>
			<xmin>283</xmin>
			<ymin>295</ymin>
			<xmax>992</xmax>
			<ymax>548</ymax>
		</bndbox>
	</object>
</annotation>
