<annotation>
	<folder>train</folder>
	<filename>home-2-1.jpg</filename>
	<path>C:\TCS\Development\DamageClassification\images\train\home-2-1.jpg</path>
	<source>
		<database>Unknown</database>
	</source>
	<size>
		<width>728</width>
		<height>485</height>
		<depth>3</depth>
	</size>
	<segmented>0</segmented>
	<object>
		<name>Damage</name>
		<pose>Unspecified</pose>
		<truncated>0</truncated>
		<difficult>0</difficult>
		<bndbox>
			<xmin>114</xmin>
			<ymin>137</ymin>
			<xmax>203</xmax>
			<ymax>195</ymax>
		</bndbox>
	</object>
	<object>
		<name>Damage</name>
		<pose>Unspecified</pose>
		<truncated>0</truncated>
		<difficult>0</difficult>
		<bndbox>
			<xmin>206</xmin>
			<ymin>74</ymin>
			<xmax>564</xmax>
			<ymax>214</ymax>
		</bndbox>
	</object>
	<object>
		<name>Damage</name>
		<pose>Unspecified</pose>
		<truncated>0</truncated>
		<difficult>0</difficult>
		<bndbox>
			<xmin>279</xmin>
			<ymin>224</ymin>
			<xmax>337</xmax>
			<ymax>336</ymax>
		</bndbox>
	</object>
</annotation>
