<annotation>
	<folder>train</folder>
	<filename>home-38-1.jpg</filename>
	<path>C:\TCS\Development\DamageClassification\images\train\home-38-1.jpg</path>
	<source>
		<database>Unknown</database>
	</source>
	<size>
		<width>259</width>
		<height>194</height>
		<depth>3</depth>
	</size>
	<segmented>0</segmented>
	<object>
		<name>Damage</name>
		<pose>Unspecified</pose>
		<truncated>1</truncated>
		<difficult>0</difficult>
		<bndbox>
			<xmin>30</xmin>
			<ymin>11</ymin>
			<xmax>259</xmax>
			<ymax>192</ymax>
		</bndbox>
	</object>
</annotation>
