<annotation>
	<folder>train</folder>
	<filename>home-245-1.jpg</filename>
	<path>C:\TCS\Development\DamageClassification\images\train\home-245-1.jpg</path>
	<source>
		<database>Unknown</database>
	</source>
	<size>
		<width>640</width>
		<height>480</height>
		<depth>3</depth>
	</size>
	<segmented>0</segmented>
	<object>
		<name>Damage</name>
		<pose>Unspecified</pose>
		<truncated>0</truncated>
		<difficult>0</difficult>
		<bndbox>
			<xmin>110</xmin>
			<ymin>91</ymin>
			<xmax>523</xmax>
			<ymax>256</ymax>
		</bndbox>
	</object>
</annotation>
