<annotation>
	<folder>train</folder>
	<filename>kitchen-259-1.jpg</filename>
	<path>C:\TCS\Development\DamageClassification\images\train\kitchen-259-1.jpg</path>
	<source>
		<database>Unknown</database>
	</source>
	<size>
		<width>800</width>
		<height>533</height>
		<depth>3</depth>
	</size>
	<segmented>0</segmented>
	<object>
		<name>Damage</name>
		<pose>Unspecified</pose>
		<truncated>0</truncated>
		<difficult>0</difficult>
		<bndbox>
			<xmin>4</xmin>
			<ymin>2</ymin>
			<xmax>730</xmax>
			<ymax>520</ymax>
		</bndbox>
	</object>
</annotation>
