<annotation>
	<folder>train</folder>
	<filename>kitchen-263-1.jpg</filename>
	<path>C:\TCS\Development\DamageClassification\images\train\kitchen-263-1.jpg</path>
	<source>
		<database>Unknown</database>
	</source>
	<size>
		<width>1177</width>
		<height>885</height>
		<depth>3</depth>
	</size>
	<segmented>0</segmented>
	<object>
		<name>Damage</name>
		<pose>Unspecified</pose>
		<truncated>0</truncated>
		<difficult>0</difficult>
		<bndbox>
			<xmin>57</xmin>
			<ymin>6</ymin>
			<xmax>1170</xmax>
			<ymax>403</ymax>
		</bndbox>
	</object>
	<object>
		<name>Damage</name>
		<pose>Unspecified</pose>
		<truncated>1</truncated>
		<difficult>0</difficult>
		<bndbox>
			<xmin>622</xmin>
			<ymin>423</ymin>
			<xmax>1177</xmax>
			<ymax>710</ymax>
		</bndbox>
	</object>
	<object>
		<name>Damage</name>
		<pose>Unspecified</pose>
		<truncated>0</truncated>
		<difficult>0</difficult>
		<bndbox>
			<xmin>80</xmin>
			<ymin>415</ymin>
			<xmax>618</xmax>
			<ymax>577</ymax>
		</bndbox>
	</object>
</annotation>
