<annotation>
	<folder>train</folder>
	<filename>kitchen-228-1.jpg</filename>
	<path>C:\TCS\Development\DamageClassification\images\train\kitchen-228-1.jpg</path>
	<source>
		<database>Unknown</database>
	</source>
	<size>
		<width>246</width>
		<height>205</height>
		<depth>3</depth>
	</size>
	<segmented>0</segmented>
	<object>
		<name>Damage</name>
		<pose>Unspecified</pose>
		<truncated>0</truncated>
		<difficult>0</difficult>
		<bndbox>
			<xmin>25</xmin>
			<ymin>7</ymin>
			<xmax>191</xmax>
			<ymax>131</ymax>
		</bndbox>
	</object>
	<object>
		<name>Damage</name>
		<pose>Unspecified</pose>
		<truncated>1</truncated>
		<difficult>0</difficult>
		<bndbox>
			<xmin>25</xmin>
			<ymin>97</ymin>
			<xmax>158</xmax>
			<ymax>205</ymax>
		</bndbox>
	</object>
</annotation>
