<annotation>
	<folder>train</folder>
	<filename>kitchen-267-1.jpg</filename>
	<path>C:\TCS\Development\DamageClassification\images\train\kitchen-267-1.jpg</path>
	<source>
		<database>Unknown</database>
	</source>
	<size>
		<width>1000</width>
		<height>669</height>
		<depth>3</depth>
	</size>
	<segmented>0</segmented>
	<object>
		<name>Damage</name>
		<pose>Unspecified</pose>
		<truncated>0</truncated>
		<difficult>0</difficult>
		<bndbox>
			<xmin>316</xmin>
			<ymin>203</ymin>
			<xmax>996</xmax>
			<ymax>405</ymax>
		</bndbox>
	</object>
	<object>
		<name>Damage</name>
		<pose>Unspecified</pose>
		<truncated>0</truncated>
		<difficult>0</difficult>
		<bndbox>
			<xmin>396</xmin>
			<ymin>529</ymin>
			<xmax>776</xmax>
			<ymax>664</ymax>
		</bndbox>
	</object>
</annotation>
