<annotation>
	<folder>train</folder>
	<filename>kitchen-5-1.jpg</filename>
	<path>C:\TCS\Development\DamageClassification\images\train\kitchen-5-1.jpg</path>
	<source>
		<database>Unknown</database>
	</source>
	<size>
		<width>318</width>
		<height>159</height>
		<depth>3</depth>
	</size>
	<segmented>0</segmented>
	<object>
		<name>Damage</name>
		<pose>Unspecified</pose>
		<truncated>1</truncated>
		<difficult>0</difficult>
		<bndbox>
			<xmin>87</xmin>
			<ymin>2</ymin>
			<xmax>318</xmax>
			<ymax>51</ymax>
		</bndbox>
	</object>
	<object>
		<name>Damage</name>
		<pose>Unspecified</pose>
		<truncated>0</truncated>
		<difficult>0</difficult>
		<bndbox>
			<xmin>25</xmin>
			<ymin>56</ymin>
			<xmax>284</xmax>
			<ymax>133</ymax>
		</bndbox>
	</object>
</annotation>
