<annotation>
	<folder>train</folder>
	<filename>kitchen-3-1.jpg</filename>
	<path>C:\TCS\Development\DamageClassification\images\train\kitchen-3-1.jpg</path>
	<source>
		<database>Unknown</database>
	</source>
	<size>
		<width>265</width>
		<height>190</height>
		<depth>3</depth>
	</size>
	<segmented>0</segmented>
	<object>
		<name>Damage</name>
		<pose>Unspecified</pose>
		<truncated>0</truncated>
		<difficult>0</difficult>
		<bndbox>
			<xmin>75</xmin>
			<ymin>4</ymin>
			<xmax>229</xmax>
			<ymax>93</ymax>
		</bndbox>
	</object>
	<object>
		<name>Damage</name>
		<pose>Unspecified</pose>
		<truncated>1</truncated>
		<difficult>0</difficult>
		<bndbox>
			<xmin>3</xmin>
			<ymin>1</ymin>
			<xmax>71</xmax>
			<ymax>96</ymax>
		</bndbox>
	</object>
	<object>
		<name>Damage</name>
		<pose>Unspecified</pose>
		<truncated>1</truncated>
		<difficult>0</difficult>
		<bndbox>
			<xmin>232</xmin>
			<ymin>6</ymin>
			<xmax>265</xmax>
			<ymax>176</ymax>
		</bndbox>
	</object>
</annotation>
