<annotation>
	<folder>train</folder>
	<filename>kitchen-202-1.jpg</filename>
	<path>C:\TCS\Development\DamageClassification\images\train\kitchen-202-1.jpg</path>
	<source>
		<database>Unknown</database>
	</source>
	<size>
		<width>2048</width>
		<height>1536</height>
		<depth>3</depth>
	</size>
	<segmented>0</segmented>
	<object>
		<name>Damage</name>
		<pose>Unspecified</pose>
		<truncated>0</truncated>
		<difficult>0</difficult>
		<bndbox>
			<xmin>69</xmin>
			<ymin>184</ymin>
			<xmax>2043</xmax>
			<ymax>1200</ymax>
		</bndbox>
	</object>
	<object>
		<name>Damage</name>
		<pose>Unspecified</pose>
		<truncated>1</truncated>
		<difficult>0</difficult>
		<bndbox>
			<xmin>785</xmin>
			<ymin>1193</ymin>
			<xmax>1318</xmax>
			<ymax>1536</ymax>
		</bndbox>
	</object>
	<object>
		<name>Damage</name>
		<pose>Unspecified</pose>
		<truncated>0</truncated>
		<difficult>0</difficult>
		<bndbox>
			<xmin>2</xmin>
			<ymin>1207</ymin>
			<xmax>271</xmax>
			<ymax>1533</ymax>
		</bndbox>
	</object>
</annotation>
