<annotation>
	<folder>train</folder>
	<filename>kitchen-275-1.jpg</filename>
	<path>C:\TCS\Development\DamageClassification\images\train\kitchen-275-1.jpg</path>
	<source>
		<database>Unknown</database>
	</source>
	<size>
		<width>259</width>
		<height>194</height>
		<depth>3</depth>
	</size>
	<segmented>0</segmented>
	<object>
		<name>Damage</name>
		<pose>Unspecified</pose>
		<truncated>0</truncated>
		<difficult>0</difficult>
		<bndbox>
			<xmin>2</xmin>
			<ymin>4</ymin>
			<xmax>187</xmax>
			<ymax>85</ymax>
		</bndbox>
	</object>
	<object>
		<name>Damage</name>
		<pose>Unspecified</pose>
		<truncated>0</truncated>
		<difficult>0</difficult>
		<bndbox>
			<xmin>6</xmin>
			<ymin>87</ymin>
			<xmax>161</xmax>
			<ymax>164</ymax>
		</bndbox>
	</object>
	<object>
		<name>Damage</name>
		<pose>Unspecified</pose>
		<truncated>0</truncated>
		<difficult>0</difficult>
		<bndbox>
			<xmin>162</xmin>
			<ymin>87</ymin>
			<xmax>229</xmax>
			<ymax>172</ymax>
		</bndbox>
	</object>
</annotation>
