<annotation>
	<folder>train</folder>
	<filename>roof-273-1.jpg</filename>
	<path>C:\TCS\Development\DamageClassification\images\train\roof-273-1.jpg</path>
	<source>
		<database>Unknown</database>
	</source>
	<size>
		<width>293</width>
		<height>172</height>
		<depth>3</depth>
	</size>
	<segmented>0</segmented>
	<object>
		<name>Damage</name>
		<pose>Unspecified</pose>
		<truncated>0</truncated>
		<difficult>0</difficult>
		<bndbox>
			<xmin>41</xmin>
			<ymin>27</ymin>
			<xmax>284</xmax>
			<ymax>92</ymax>
		</bndbox>
	</object>
</annotation>
