<annotation>
	<folder>train</folder>
	<filename>roof-223-1.jpg</filename>
	<path>C:\TCS\Development\DamageClassification\images\train\roof-223-1.jpg</path>
	<source>
		<database>Unknown</database>
	</source>
	<size>
		<width>259</width>
		<height>194</height>
		<depth>3</depth>
	</size>
	<segmented>0</segmented>
	<object>
		<name>Damage</name>
		<pose>Unspecified</pose>
		<truncated>0</truncated>
		<difficult>0</difficult>
		<bndbox>
			<xmin>22</xmin>
			<ymin>69</ymin>
			<xmax>177</xmax>
			<ymax>115</ymax>
		</bndbox>
	</object>
</annotation>
