<annotation>
	<folder>train</folder>
	<filename>roof-283-1.jpg</filename>
	<path>C:\TCS\Development\DamageClassification\images\train\roof-283-1.jpg</path>
	<source>
		<database>Unknown</database>
	</source>
	<size>
		<width>284</width>
		<height>177</height>
		<depth>3</depth>
	</size>
	<segmented>0</segmented>
	<object>
		<name>Damage</name>
		<pose>Unspecified</pose>
		<truncated>0</truncated>
		<difficult>0</difficult>
		<bndbox>
			<xmin>50</xmin>
			<ymin>38</ymin>
			<xmax>249</xmax>
			<ymax>176</ymax>
		</bndbox>
	</object>
	<object>
		<name>Damage</name>
		<pose>Unspecified</pose>
		<truncated>1</truncated>
		<difficult>0</difficult>
		<bndbox>
			<xmin>1</xmin>
			<ymin>35</ymin>
			<xmax>78</xmax>
			<ymax>70</ymax>
		</bndbox>
	</object>
	<object>
		<name>Damage</name>
		<pose>Unspecified</pose>
		<truncated>1</truncated>
		<difficult>0</difficult>
		<bndbox>
			<xmin>235</xmin>
			<ymin>14</ymin>
			<xmax>284</xmax>
			<ymax>57</ymax>
		</bndbox>
	</object>
</annotation>
