<annotation>
	<folder>train</folder>
	<filename>roof-278-1.jpg</filename>
	<path>C:\TCS\Development\DamageClassification\images\train\roof-278-1.jpg</path>
	<source>
		<database>Unknown</database>
	</source>
	<size>
		<width>279</width>
		<height>181</height>
		<depth>3</depth>
	</size>
	<segmented>0</segmented>
	<object>
		<name>Damage</name>
		<pose>Unspecified</pose>
		<truncated>1</truncated>
		<difficult>0</difficult>
		<bndbox>
			<xmin>1</xmin>
			<ymin>39</ymin>
			<xmax>236</xmax>
			<ymax>146</ymax>
		</bndbox>
	</object>
	<object>
		<name>Damage</name>
		<pose>Unspecified</pose>
		<truncated>1</truncated>
		<difficult>0</difficult>
		<bndbox>
			<xmin>178</xmin>
			<ymin>32</ymin>
			<xmax>279</xmax>
			<ymax>66</ymax>
		</bndbox>
	</object>
</annotation>
