<annotation>
	<folder>train</folder>
	<filename>roof-258-1.jpg</filename>
	<path>C:\TCS\Development\DamageClassification\images\train\roof-258-1.jpg</path>
	<source>
		<database>Unknown</database>
	</source>
	<size>
		<width>1000</width>
		<height>666</height>
		<depth>3</depth>
	</size>
	<segmented>0</segmented>
	<object>
		<name>Damage</name>
		<pose>Unspecified</pose>
		<truncated>0</truncated>
		<difficult>0</difficult>
		<bndbox>
			<xmin>271</xmin>
			<ymin>338</ymin>
			<xmax>931</xmax>
			<ymax>644</ymax>
		</bndbox>
	</object>
	<object>
		<name>Damage</name>
		<pose>Unspecified</pose>
		<truncated>1</truncated>
		<difficult>0</difficult>
		<bndbox>
			<xmin>847</xmin>
			<ymin>189</ymin>
			<xmax>1000</xmax>
			<ymax>390</ymax>
		</bndbox>
	</object>
</annotation>
