<annotation>
	<folder>train</folder>
	<filename>roof-261-1.jpg</filename>
	<path>C:\TCS\Development\DamageClassification\images\train\roof-261-1.jpg</path>
	<source>
		<database>Unknown</database>
	</source>
	<size>
		<width>840</width>
		<height>630</height>
		<depth>3</depth>
	</size>
	<segmented>0</segmented>
	<object>
		<name>Damage</name>
		<pose>Unspecified</pose>
		<truncated>0</truncated>
		<difficult>0</difficult>
		<bndbox>
			<xmin>130</xmin>
			<ymin>338</ymin>
			<xmax>629</xmax>
			<ymax>455</ymax>
		</bndbox>
	</object>
	<object>
		<name>Damage</name>
		<pose>Unspecified</pose>
		<truncated>0</truncated>
		<difficult>0</difficult>
		<bndbox>
			<xmin>162</xmin>
			<ymin>240</ymin>
			<xmax>234</xmax>
			<ymax>273</ymax>
		</bndbox>
	</object>
	<object>
		<name>Damage</name>
		<pose>Unspecified</pose>
		<truncated>0</truncated>
		<difficult>0</difficult>
		<bndbox>
			<xmin>3</xmin>
			<ymin>488</ymin>
			<xmax>631</xmax>
			<ymax>602</ymax>
		</bndbox>
	</object>
</annotation>
