<annotation>
	<folder>train</folder>
	<filename>roof-271-1.jpg</filename>
	<path>C:\TCS\Development\DamageClassification\images\train\roof-271-1.jpg</path>
	<source>
		<database>Unknown</database>
	</source>
	<size>
		<width>259</width>
		<height>194</height>
		<depth>3</depth>
	</size>
	<segmented>0</segmented>
	<object>
		<name>Damage</name>
		<pose>Unspecified</pose>
		<truncated>0</truncated>
		<difficult>0</difficult>
		<bndbox>
			<xmin>24</xmin>
			<ymin>33</ymin>
			<xmax>246</xmax>
			<ymax>118</ymax>
		</bndbox>
	</object>
</annotation>
