<annotation>
	<folder>train</folder>
	<filename>roof-32-1.jpg</filename>
	<path>C:\TCS\Development\DamageClassification\images\train\roof-32-1.jpg</path>
	<source>
		<database>Unknown</database>
	</source>
	<size>
		<width>283</width>
		<height>178</height>
		<depth>3</depth>
	</size>
	<segmented>0</segmented>
	<object>
		<name>Damage</name>
		<pose>Unspecified</pose>
		<truncated>0</truncated>
		<difficult>0</difficult>
		<bndbox>
			<xmin>125</xmin>
			<ymin>33</ymin>
			<xmax>248</xmax>
			<ymax>119</ymax>
		</bndbox>
	</object>
</annotation>
