<annotation>
	<folder>train</folder>
	<filename>roof-269-1.jpg</filename>
	<path>C:\TCS\Development\DamageClassification\images\train\roof-269-1.jpg</path>
	<source>
		<database>Unknown</database>
	</source>
	<size>
		<width>259</width>
		<height>194</height>
		<depth>3</depth>
	</size>
	<segmented>0</segmented>
	<object>
		<name>Damage</name>
		<pose>Unspecified</pose>
		<truncated>0</truncated>
		<difficult>0</difficult>
		<bndbox>
			<xmin>40</xmin>
			<ymin>105</ymin>
			<xmax>195</xmax>
			<ymax>142</ymax>
		</bndbox>
	</object>
	<object>
		<name>Damage</name>
		<pose>Unspecified</pose>
		<truncated>1</truncated>
		<difficult>0</difficult>
		<bndbox>
			<xmin>1</xmin>
			<ymin>149</ymin>
			<xmax>192</xmax>
			<ymax>187</ymax>
		</bndbox>
	</object>
</annotation>
