<annotation>
	<folder>train</folder>
	<filename>roof-204-1.jpg</filename>
	<path>C:\TCS\Development\DamageClassification\images\train\roof-204-1.jpg</path>
	<source>
		<database>Unknown</database>
	</source>
	<size>
		<width>271</width>
		<height>186</height>
		<depth>3</depth>
	</size>
	<segmented>0</segmented>
	<object>
		<name>Damage</name>
		<pose>Unspecified</pose>
		<truncated>0</truncated>
		<difficult>0</difficult>
		<bndbox>
			<xmin>107</xmin>
			<ymin>58</ymin>
			<xmax>190</xmax>
			<ymax>138</ymax>
		</bndbox>
	</object>
	<object>
		<name>Damage</name>
		<pose>Unspecified</pose>
		<truncated>0</truncated>
		<difficult>0</difficult>
		<bndbox>
			<xmin>83</xmin>
			<ymin>38</ymin>
			<xmax>115</xmax>
			<ymax>64</ymax>
		</bndbox>
	</object>
	<object>
		<name>Damage</name>
		<pose>Unspecified</pose>
		<truncated>0</truncated>
		<difficult>0</difficult>
		<bndbox>
			<xmin>46</xmin>
			<ymin>98</ymin>
			<xmax>131</xmax>
			<ymax>180</ymax>
		</bndbox>
	</object>
	<object>
		<name>Damage</name>
		<pose>Unspecified</pose>
		<truncated>0</truncated>
		<difficult>0</difficult>
		<bndbox>
			<xmin>16</xmin>
			<ymin>64</ymin>
			<xmax>81</xmax>
			<ymax>83</ymax>
		</bndbox>
	</object>
</annotation>
