<annotation>
	<folder>train</folder>
	<filename>roof-279-1.jpg</filename>
	<path>C:\TCS\Development\DamageClassification\images\train\roof-279-1.jpg</path>
	<source>
		<database>Unknown</database>
	</source>
	<size>
		<width>311</width>
		<height>162</height>
		<depth>3</depth>
	</size>
	<segmented>0</segmented>
	<object>
		<name>Damage</name>
		<pose>Unspecified</pose>
		<truncated>0</truncated>
		<difficult>0</difficult>
		<bndbox>
			<xmin>2</xmin>
			<ymin>56</ymin>
			<xmax>172</xmax>
			<ymax>132</ymax>
		</bndbox>
	</object>
</annotation>
