<annotation>
	<folder>train</folder>
	<filename>roof-280-1.jpg</filename>
	<path>C:\TCS\Development\DamageClassification\images\train\roof-280-1.jpg</path>
	<source>
		<database>Unknown</database>
	</source>
	<size>
		<width>262</width>
		<height>193</height>
		<depth>3</depth>
	</size>
	<segmented>0</segmented>
	<object>
		<name>Damage</name>
		<pose>Unspecified</pose>
		<truncated>1</truncated>
		<difficult>0</difficult>
		<bndbox>
			<xmin>81</xmin>
			<ymin>44</ymin>
			<xmax>262</xmax>
			<ymax>129</ymax>
		</bndbox>
	</object>
</annotation>
