<annotation>
	<folder>train</folder>
	<filename>wall-256-1.jpg</filename>
	<path>C:\TCS\Development\DamageClassification\images\train\wall-256-1.jpg</path>
	<source>
		<database>Unknown</database>
	</source>
	<size>
		<width>1103</width>
		<height>678</height>
		<depth>3</depth>
	</size>
	<segmented>0</segmented>
	<object>
		<name>Damage</name>
		<pose>Unspecified</pose>
		<truncated>0</truncated>
		<difficult>0</difficult>
		<bndbox>
			<xmin>232</xmin>
			<ymin>182</ymin>
			<xmax>889</xmax>
			<ymax>532</ymax>
		</bndbox>
	</object>
	<object>
		<name>Damage</name>
		<pose>Unspecified</pose>
		<truncated>1</truncated>
		<difficult>0</difficult>
		<bndbox>
			<xmin>260</xmin>
			<ymin>1</ymin>
			<xmax>414</xmax>
			<ymax>71</ymax>
		</bndbox>
	</object>
	<object>
		<name>Damage</name>
		<pose>Unspecified</pose>
		<truncated>1</truncated>
		<difficult>0</difficult>
		<bndbox>
			<xmin>1</xmin>
			<ymin>1</ymin>
			<xmax>128</xmax>
			<ymax>64</ymax>
		</bndbox>
	</object>
	<object>
		<name>Damage</name>
		<pose>Unspecified</pose>
		<truncated>0</truncated>
		<difficult>0</difficult>
		<bndbox>
			<xmin>915</xmin>
			<ymin>3</ymin>
			<xmax>1036</xmax>
			<ymax>53</ymax>
		</bndbox>
	</object>
</annotation>
