<annotation>
	<folder>train</folder>
	<filename>wall-255-1.jpg</filename>
	<path>C:\TCS\Development\DamageClassification\images\train\wall-255-1.jpg</path>
	<source>
		<database>Unknown</database>
	</source>
	<size>
		<width>1254</width>
		<height>795</height>
		<depth>3</depth>
	</size>
	<segmented>0</segmented>
	<object>
		<name>Damage</name>
		<pose>Unspecified</pose>
		<truncated>0</truncated>
		<difficult>0</difficult>
		<bndbox>
			<xmin>472</xmin>
			<ymin>5</ymin>
			<xmax>746</xmax>
			<ymax>715</ymax>
		</bndbox>
	</object>
	<object>
		<name>Damage</name>
		<pose>Unspecified</pose>
		<truncated>1</truncated>
		<difficult>0</difficult>
		<bndbox>
			<xmin>754</xmin>
			<ymin>441</ymin>
			<xmax>1249</xmax>
			<ymax>795</ymax>
		</bndbox>
	</object>
	<object>
		<name>Damage</name>
		<pose>Unspecified</pose>
		<truncated>0</truncated>
		<difficult>0</difficult>
		<bndbox>
			<xmin>132</xmin>
			<ymin>73</ymin>
			<xmax>420</xmax>
			<ymax>776</ymax>
		</bndbox>
	</object>
</annotation>
