<annotation>
	<folder>train</folder>
	<filename>wall-265-1.jpg</filename>
	<path>C:\TCS\Development\DamageClassification\images\train\wall-265-1.jpg</path>
	<source>
		<database>Unknown</database>
	</source>
	<size>
		<width>1200</width>
		<height>900</height>
		<depth>3</depth>
	</size>
	<segmented>0</segmented>
	<object>
		<name>Damage</name>
		<pose>Unspecified</pose>
		<truncated>0</truncated>
		<difficult>0</difficult>
		<bndbox>
			<xmin>8</xmin>
			<ymin>256</ymin>
			<xmax>616</xmax>
			<ymax>591</ymax>
		</bndbox>
	</object>
	<object>
		<name>Damage</name>
		<pose>Unspecified</pose>
		<truncated>1</truncated>
		<difficult>0</difficult>
		<bndbox>
			<xmin>616</xmin>
			<ymin>183</ymin>
			<xmax>1200</xmax>
			<ymax>809</ymax>
		</bndbox>
	</object>
</annotation>
