<annotation>
	<folder>train</folder>
	<filename>wall-292-1.jpg</filename>
	<path>C:\TCS\Development\DamageClassification\images\train\wall-292-1.jpg</path>
	<source>
		<database>Unknown</database>
	</source>
	<size>
		<width>275</width>
		<height>183</height>
		<depth>3</depth>
	</size>
	<segmented>0</segmented>
	<object>
		<name>Damage</name>
		<pose>Unspecified</pose>
		<truncated>1</truncated>
		<difficult>0</difficult>
		<bndbox>
			<xmin>50</xmin>
			<ymin>49</ymin>
			<xmax>275</xmax>
			<ymax>142</ymax>
		</bndbox>
	</object>
	<object>
		<name>Damage</name>
		<pose>Unspecified</pose>
		<truncated>0</truncated>
		<difficult>0</difficult>
		<bndbox>
			<xmin>39</xmin>
			<ymin>53</ymin>
			<xmax>52</xmax>
			<ymax>146</ymax>
		</bndbox>
	</object>
</annotation>
