<annotation>
	<folder>train</folder>
	<filename>wall-286-1.jpg</filename>
	<path>C:\TCS\Development\DamageClassification\images\train\wall-286-1.jpg</path>
	<source>
		<database>Unknown</database>
	</source>
	<size>
		<width>259</width>
		<height>194</height>
		<depth>3</depth>
	</size>
	<segmented>0</segmented>
	<object>
		<name>Damage</name>
		<pose>Unspecified</pose>
		<truncated>0</truncated>
		<difficult>0</difficult>
		<bndbox>
			<xmin>90</xmin>
			<ymin>81</ymin>
			<xmax>158</xmax>
			<ymax>141</ymax>
		</bndbox>
	</object>
</annotation>
