<annotation>
	<folder>train</folder>
	<filename>wall-290-1.jpg</filename>
	<path>C:\TCS\Development\DamageClassification\images\train\wall-290-1.jpg</path>
	<source>
		<database>Unknown</database>
	</source>
	<size>
		<width>275</width>
		<height>183</height>
		<depth>3</depth>
	</size>
	<segmented>0</segmented>
	<object>
		<name>Damage</name>
		<pose>Unspecified</pose>
		<truncated>0</truncated>
		<difficult>0</difficult>
		<bndbox>
			<xmin>70</xmin>
			<ymin>8</ymin>
			<xmax>167</xmax>
			<ymax>128</ymax>
		</bndbox>
	</object>
	<object>
		<name>Damage</name>
		<pose>Unspecified</pose>
		<truncated>0</truncated>
		<difficult>0</difficult>
		<bndbox>
			<xmin>175</xmin>
			<ymin>102</ymin>
			<xmax>232</xmax>
			<ymax>128</ymax>
		</bndbox>
	</object>
</annotation>
