<annotation>
	<folder>train</folder>
	<filename>wall-257-1.jpg</filename>
	<path>C:\TCS\Development\DamageClassification\images\train\wall-257-1.jpg</path>
	<source>
		<database>Unknown</database>
	</source>
	<size>
		<width>1103</width>
		<height>678</height>
		<depth>3</depth>
	</size>
	<segmented>0</segmented>
	<object>
		<name>Damage</name>
		<pose>Unspecified</pose>
		<truncated>0</truncated>
		<difficult>0</difficult>
		<bndbox>
			<xmin>218</xmin>
			<ymin>173</ymin>
			<xmax>952</xmax>
			<ymax>534</ymax>
		</bndbox>
	</object>
	<object>
		<name>Damage</name>
		<pose>Unspecified</pose>
		<truncated>1</truncated>
		<difficult>0</difficult>
		<bndbox>
			<xmin>1</xmin>
			<ymin>3</ymin>
			<xmax>125</xmax>
			<ymax>56</ymax>
		</bndbox>
	</object>
	<object>
		<name>Damage</name>
		<pose>Unspecified</pose>
		<truncated>0</truncated>
		<difficult>0</difficult>
		<bndbox>
			<xmin>276</xmin>
			<ymin>2</ymin>
			<xmax>434</xmax>
			<ymax>78</ymax>
		</bndbox>
	</object>
	<object>
		<name>Damage</name>
		<pose>Unspecified</pose>
		<truncated>0</truncated>
		<difficult>0</difficult>
		<bndbox>
			<xmin>917</xmin>
			<ymin>2</ymin>
			<xmax>1048</xmax>
			<ymax>53</ymax>
		</bndbox>
	</object>
</annotation>
