<annotation>
	<folder>train</folder>
	<filename>wall-289-1.jpg</filename>
	<path>C:\TCS\Development\DamageClassification\images\train\wall-289-1.jpg</path>
	<source>
		<database>Unknown</database>
	</source>
	<size>
		<width>259</width>
		<height>194</height>
		<depth>3</depth>
	</size>
	<segmented>0</segmented>
	<object>
		<name>Damage</name>
		<pose>Unspecified</pose>
		<truncated>0</truncated>
		<difficult>0</difficult>
		<bndbox>
			<xmin>79</xmin>
			<ymin>91</ymin>
			<xmax>121</xmax>
			<ymax>169</ymax>
		</bndbox>
	</object>
	<object>
		<name>Damage</name>
		<pose>Unspecified</pose>
		<truncated>0</truncated>
		<difficult>0</difficult>
		<bndbox>
			<xmin>131</xmin>
			<ymin>48</ymin>
			<xmax>229</xmax>
			<ymax>142</ymax>
		</bndbox>
	</object>
</annotation>
