<annotation>
	<folder>train</folder>
	<filename>wall-285-1.jpg</filename>
	<path>C:\TCS\Development\DamageClassification\images\train\wall-285-1.jpg</path>
	<source>
		<database>Unknown</database>
	</source>
	<size>
		<width>276</width>
		<height>183</height>
		<depth>3</depth>
	</size>
	<segmented>0</segmented>
	<object>
		<name>Damage</name>
		<pose>Unspecified</pose>
		<truncated>0</truncated>
		<difficult>0</difficult>
		<bndbox>
			<xmin>116</xmin>
			<ymin>31</ymin>
			<xmax>207</xmax>
			<ymax>168</ymax>
		</bndbox>
	</object>
	<object>
		<name>Damage</name>
		<pose>Unspecified</pose>
		<truncated>0</truncated>
		<difficult>0</difficult>
		<bndbox>
			<xmin>31</xmin>
			<ymin>123</ymin>
			<xmax>209</xmax>
			<ymax>165</ymax>
		</bndbox>
	</object>
</annotation>
