<annotation>
	<folder>train</folder>
	<filename>wall-34-1.jpg</filename>
	<path>C:\TCS\Development\DamageClassification\images\train\wall-34-1.jpg</path>
	<source>
		<database>Unknown</database>
	</source>
	<size>
		<width>300</width>
		<height>168</height>
		<depth>3</depth>
	</size>
	<segmented>0</segmented>
	<object>
		<name>Damage</name>
		<pose>Unspecified</pose>
		<truncated>1</truncated>
		<difficult>0</difficult>
		<bndbox>
			<xmin>1</xmin>
			<ymin>67</ymin>
			<xmax>300</xmax>
			<ymax>145</ymax>
		</bndbox>
	</object>
</annotation>
