<annotation>
	<folder>train</folder>
	<filename>wall-254-1.jpg</filename>
	<path>C:\TCS\Development\DamageClassification\images\train\wall-254-1.jpg</path>
	<source>
		<database>Unknown</database>
	</source>
	<size>
		<width>1529</width>
		<height>1019</height>
		<depth>3</depth>
	</size>
	<segmented>0</segmented>
	<object>
		<name>Damage</name>
		<pose>Unspecified</pose>
		<truncated>0</truncated>
		<difficult>0</difficult>
		<bndbox>
			<xmin>348</xmin>
			<ymin>143</ymin>
			<xmax>825</xmax>
			<ymax>880</ymax>
		</bndbox>
	</object>
	<object>
		<name>Damage</name>
		<pose>Unspecified</pose>
		<truncated>1</truncated>
		<difficult>0</difficult>
		<bndbox>
			<xmin>937</xmin>
			<ymin>555</ymin>
			<xmax>1356</xmax>
			<ymax>1019</ymax>
		</bndbox>
	</object>
</annotation>
