<annotation>
	<folder>train</folder>
	<filename>wall-284-1.jpg</filename>
	<path>C:\TCS\Development\DamageClassification\images\train\wall-284-1.jpg</path>
	<source>
		<database>Unknown</database>
	</source>
	<size>
		<width>259</width>
		<height>194</height>
		<depth>3</depth>
	</size>
	<segmented>0</segmented>
	<object>
		<name>Damage</name>
		<pose>Unspecified</pose>
		<truncated>0</truncated>
		<difficult>0</difficult>
		<bndbox>
			<xmin>35</xmin>
			<ymin>19</ymin>
			<xmax>112</xmax>
			<ymax>147</ymax>
		</bndbox>
	</object>
	<object>
		<name>Damage</name>
		<pose>Unspecified</pose>
		<truncated>0</truncated>
		<difficult>0</difficult>
		<bndbox>
			<xmin>113</xmin>
			<ymin>58</ymin>
			<xmax>201</xmax>
			<ymax>117</ymax>
		</bndbox>
	</object>
	<object>
		<name>Damage</name>
		<pose>Unspecified</pose>
		<truncated>0</truncated>
		<difficult>0</difficult>
		<bndbox>
			<xmin>177</xmin>
			<ymin>13</ymin>
			<xmax>241</xmax>
			<ymax>60</ymax>
		</bndbox>
	</object>
</annotation>
