<annotation>
	<folder>train</folder>
	<filename>wall-287-1.jpg</filename>
	<path>C:\TCS\Development\DamageClassification\images\train\wall-287-1.jpg</path>
	<source>
		<database>Unknown</database>
	</source>
	<size>
		<width>225</width>
		<height>225</height>
		<depth>3</depth>
	</size>
	<segmented>0</segmented>
	<object>
		<name>Damage</name>
		<pose>Unspecified</pose>
		<truncated>1</truncated>
		<difficult>0</difficult>
		<bndbox>
			<xmin>17</xmin>
			<ymin>1</ymin>
			<xmax>112</xmax>
			<ymax>225</ymax>
		</bndbox>
	</object>
	<object>
		<name>Damage</name>
		<pose>Unspecified</pose>
		<truncated>0</truncated>
		<difficult>0</difficult>
		<bndbox>
			<xmin>175</xmin>
			<ymin>119</ymin>
			<xmax>201</xmax>
			<ymax>151</ymax>
		</bndbox>
	</object>
</annotation>
