<annotation>
	<folder>train</folder>
	<filename>wall-277-1.jpg</filename>
	<path>C:\TCS\Development\DamageClassification\images\train\wall-277-1.jpg</path>
	<source>
		<database>Unknown</database>
	</source>
	<size>
		<width>203</width>
		<height>249</height>
		<depth>3</depth>
	</size>
	<segmented>0</segmented>
	<object>
		<name>Damage</name>
		<pose>Unspecified</pose>
		<truncated>0</truncated>
		<difficult>0</difficult>
		<bndbox>
			<xmin>72</xmin>
			<ymin>25</ymin>
			<xmax>178</xmax>
			<ymax>227</ymax>
		</bndbox>
	</object>
</annotation>
