<annotation>
	<folder>train</folder>
	<filename>wall-33-1.jpg</filename>
	<path>C:\TCS\Development\DamageClassification\images\train\wall-33-1.jpg</path>
	<source>
		<database>Unknown</database>
	</source>
	<size>
		<width>318</width>
		<height>159</height>
		<depth>3</depth>
	</size>
	<segmented>0</segmented>
	<object>
		<name>Damage</name>
		<pose>Unspecified</pose>
		<truncated>0</truncated>
		<difficult>0</difficult>
		<bndbox>
			<xmin>13</xmin>
			<ymin>12</ymin>
			<xmax>164</xmax>
			<ymax>148</ymax>
		</bndbox>
	</object>
</annotation>
