<annotation>
	<folder>train</folder>
	<filename>wall-281-1.jpg</filename>
	<path>C:\TCS\Development\DamageClassification\images\train\wall-281-1.jpg</path>
	<source>
		<database>Unknown</database>
	</source>
	<size>
		<width>760</width>
		<height>486</height>
		<depth>3</depth>
	</size>
	<segmented>0</segmented>
	<object>
		<name>Damage</name>
		<pose>Unspecified</pose>
		<truncated>0</truncated>
		<difficult>0</difficult>
		<bndbox>
			<xmin>5</xmin>
			<ymin>32</ymin>
			<xmax>643</xmax>
			<ymax>400</ymax>
		</bndbox>
	</object>
</annotation>
