<annotation>
	<folder>my-project-name</folder>
	<filename>Damaged_0_1211.jpeg</filename>
	<path>/my-project-name/Damaged_0_1211.jpeg</path>
	<source>
		<database>Unspecified</database>
	</source>
	<size>
		<width>259</width>
		<height>194</height>
		<depth>3</depth>
	</size>
	<object>
		<name>Damaged</name>
		<pose>Unspecified</pose>
		<truncated>0</truncated>
		<difficult>0</difficult>
		<bndbox>
			<xmin>60</xmin>
			<ymin>110</ymin>
			<xmax>209</xmax>
			<ymax>163</ymax>
		</bndbox>
	</object>
	<object>
		<name>Damaged</name>
		<pose>Unspecified</pose>
		<truncated>0</truncated>
		<difficult>0</difficult>
		<bndbox>
			<xmin>73</xmin>
			<ymin>159</ymin>
			<xmax>137</xmax>
			<ymax>188</ymax>
		</bndbox>
	</object>
</annotation>