<annotation>
	<folder>my-project-name</folder>
	<filename>Damaged_0_2568.jpeg</filename>
	<path>/my-project-name/Damaged_0_2568.jpeg</path>
	<source>
		<database>Unspecified</database>
	</source>
	<size>
		<width>259</width>
		<height>194</height>
		<depth>3</depth>
	</size>
	<object>
		<name>Damaged</name>
		<pose>Unspecified</pose>
		<truncated>0</truncated>
		<difficult>0</difficult>
		<bndbox>
			<xmin>84</xmin>
			<ymin>102</ymin>
			<xmax>218</xmax>
			<ymax>190</ymax>
		</bndbox>
	</object>
	<object>
		<name>Damaged</name>
		<pose>Unspecified</pose>
		<truncated>0</truncated>
		<difficult>0</difficult>
		<bndbox>
			<xmin>38</xmin>
			<ymin>90</ymin>
			<xmax>98</xmax>
			<ymax>179</ymax>
		</bndbox>
	</object>
	<object>
		<name>Damaged</name>
		<pose>Unspecified</pose>
		<truncated>0</truncated>
		<difficult>0</difficult>
		<bndbox>
			<xmin>99</xmin>
			<ymin>60</ymin>
			<xmax>176</xmax>
			<ymax>118</ymax>
		</bndbox>
	</object>
	<object>
		<name>Damaged</name>
		<pose>Unspecified</pose>
		<truncated>0</truncated>
		<difficult>0</difficult>
		<bndbox>
			<xmin>128</xmin>
			<ymin>46</ymin>
			<xmax>167</xmax>
			<ymax>68</ymax>
		</bndbox>
	</object>
</annotation>