<annotation>
	<folder>my-project-name</folder>
	<filename>Damaged_0_1485.jpeg</filename>
	<path>/my-project-name/Damaged_0_1485.jpeg</path>
	<source>
		<database>Unspecified</database>
	</source>
	<size>
		<width>277</width>
		<height>182</height>
		<depth>3</depth>
	</size>
	<object>
		<name>Damaged</name>
		<pose>Unspecified</pose>
		<truncated>0</truncated>
		<difficult>0</difficult>
		<bndbox>
			<xmin>0</xmin>
			<ymin>31</ymin>
			<xmax>168</xmax>
			<ymax>109</ymax>
		</bndbox>
	</object>
	<object>
		<name>Damaged</name>
		<pose>Unspecified</pose>
		<truncated>0</truncated>
		<difficult>0</difficult>
		<bndbox>
			<xmin>185</xmin>
			<ymin>53</ymin>
			<xmax>217</xmax>
			<ymax>103</ymax>
		</bndbox>
	</object>
	<object>
		<name>Damaged</name>
		<pose>Unspecified</pose>
		<truncated>0</truncated>
		<difficult>0</difficult>
		<bndbox>
			<xmin>180</xmin>
			<ymin>16</ymin>
			<xmax>206</xmax>
			<ymax>44</ymax>
		</bndbox>
	</object>
</annotation>