<annotation>
	<folder>my-project-name</folder>
	<filename>Damaged_0_1592.jpeg</filename>
	<path>/my-project-name/Damaged_0_1592.jpeg</path>
	<source>
		<database>Unspecified</database>
	</source>
	<size>
		<width>257</width>
		<height>196</height>
		<depth>3</depth>
	</size>
	<object>
		<name>Damaged</name>
		<pose>Unspecified</pose>
		<truncated>0</truncated>
		<difficult>0</difficult>
		<bndbox>
			<xmin>80</xmin>
			<ymin>8</ymin>
			<xmax>214</xmax>
			<ymax>28</ymax>
		</bndbox>
	</object>
	<object>
		<name>Damaged</name>
		<pose>Unspecified</pose>
		<truncated>0</truncated>
		<difficult>0</difficult>
		<bndbox>
			<xmin>48</xmin>
			<ymin>44</ymin>
			<xmax>128</xmax>
			<ymax>139</ymax>
		</bndbox>
	</object>
</annotation>