<annotation>
	<folder>my-project-name</folder>
	<filename>Damaged_0_25.jpeg</filename>
	<path>/my-project-name/Damaged_0_25.jpeg</path>
	<source>
		<database>Unspecified</database>
	</source>
	<size>
		<width>259</width>
		<height>194</height>
		<depth>3</depth>
	</size>
	<object>
		<name>Damaged</name>
		<pose>Unspecified</pose>
		<truncated>0</truncated>
		<difficult>0</difficult>
		<bndbox>
			<xmin>40</xmin>
			<ymin>61</ymin>
			<xmax>118</xmax>
			<ymax>86</ymax>
		</bndbox>
	</object>
	<object>
		<name>Damaged</name>
		<pose>Unspecified</pose>
		<truncated>0</truncated>
		<difficult>0</difficult>
		<bndbox>
			<xmin>4</xmin>
			<ymin>128</ymin>
			<xmax>38</xmax>
			<ymax>166</ymax>
		</bndbox>
	</object>
	<object>
		<name>Damaged</name>
		<pose>Unspecified</pose>
		<truncated>0</truncated>
		<difficult>0</difficult>
		<bndbox>
			<xmin>70</xmin>
			<ymin>104</ymin>
			<xmax>126</xmax>
			<ymax>130</ymax>
		</bndbox>
	</object>
</annotation>