<annotation>
	<folder>my-project-name</folder>
	<filename>Damaged_0_3138.jpeg</filename>
	<path>/my-project-name/Damaged_0_3138.jpeg</path>
	<source>
		<database>Unspecified</database>
	</source>
	<size>
		<width>278</width>
		<height>181</height>
		<depth>3</depth>
	</size>
	<object>
		<name>Damaged</name>
		<pose>Unspecified</pose>
		<truncated>0</truncated>
		<difficult>0</difficult>
		<bndbox>
			<xmin>90</xmin>
			<ymin>100</ymin>
			<xmax>231</xmax>
			<ymax>180</ymax>
		</bndbox>
	</object>
</annotation>