<annotation>
	<folder>my-project-name</folder>
	<filename>Damaged_0_2914.jpeg</filename>
	<path>/my-project-name/Damaged_0_2914.jpeg</path>
	<source>
		<database>Unspecified</database>
	</source>
	<size>
		<width>259</width>
		<height>194</height>
		<depth>3</depth>
	</size>
	<object>
		<name>Damaged</name>
		<pose>Unspecified</pose>
		<truncated>0</truncated>
		<difficult>0</difficult>
		<bndbox>
			<xmin>184</xmin>
			<ymin>69</ymin>
			<xmax>224</xmax>
			<ymax>113</ymax>
		</bndbox>
	</object>
	<object>
		<name>Damaged</name>
		<pose>Unspecified</pose>
		<truncated>0</truncated>
		<difficult>0</difficult>
		<bndbox>
			<xmin>196</xmin>
			<ymin>52</ymin>
			<xmax>240</xmax>
			<ymax>71</ymax>
		</bndbox>
	</object>
</annotation>