<annotation>
	<folder>my-project-name</folder>
	<filename>Damaged_0_1214.jpeg</filename>
	<path>/my-project-name/Damaged_0_1214.jpeg</path>
	<source>
		<database>Unspecified</database>
	</source>
	<size>
		<width>296</width>
		<height>170</height>
		<depth>3</depth>
	</size>
	<object>
		<name>Damaged</name>
		<pose>Unspecified</pose>
		<truncated>0</truncated>
		<difficult>0</difficult>
		<bndbox>
			<xmin>57</xmin>
			<ymin>99</ymin>
			<xmax>270</xmax>
			<ymax>164</ymax>
		</bndbox>
	</object>
	<object>
		<name>Damaged</name>
		<pose>Unspecified</pose>
		<truncated>0</truncated>
		<difficult>0</difficult>
		<bndbox>
			<xmin>186</xmin>
			<ymin>85</ymin>
			<xmax>269</xmax>
			<ymax>103</ymax>
		</bndbox>
	</object>
	<object>
		<name>Damaged</name>
		<pose>Unspecified</pose>
		<truncated>0</truncated>
		<difficult>0</difficult>
		<bndbox>
			<xmin>38</xmin>
			<ymin>137</ymin>
			<xmax>155</xmax>
			<ymax>168</ymax>
		</bndbox>
	</object>
	<object>
		<name>Damaged</name>
		<pose>Unspecified</pose>
		<truncated>0</truncated>
		<difficult>0</difficult>
		<bndbox>
			<xmin>192</xmin>
			<ymin>50</ymin>
			<xmax>253</xmax>
			<ymax>78</ymax>
		</bndbox>
	</object>
</annotation>