<annotation>
	<folder>my-project-name</folder>
	<filename>Damaged_0_1170.jpeg</filename>
	<path>/my-project-name/Damaged_0_1170.jpeg</path>
	<source>
		<database>Unspecified</database>
	</source>
	<size>
		<width>266</width>
		<height>190</height>
		<depth>3</depth>
	</size>
	<object>
		<name>Damaged</name>
		<pose>Unspecified</pose>
		<truncated>0</truncated>
		<difficult>0</difficult>
		<bndbox>
			<xmin>27</xmin>
			<ymin>44</ymin>
			<xmax>212</xmax>
			<ymax>168</ymax>
		</bndbox>
	</object>
</annotation>