<annotation>
	<folder>my-project-name</folder>
	<filename>Damaged_0_1754.jpeg</filename>
	<path>/my-project-name/Damaged_0_1754.jpeg</path>
	<source>
		<database>Unspecified</database>
	</source>
	<size>
		<width>259</width>
		<height>194</height>
		<depth>3</depth>
	</size>
	<object>
		<name>Damaged</name>
		<pose>Unspecified</pose>
		<truncated>0</truncated>
		<difficult>0</difficult>
		<bndbox>
			<xmin>140</xmin>
			<ymin>65</ymin>
			<xmax>218</xmax>
			<ymax>179</ymax>
		</bndbox>
	</object>
	<object>
		<name>Damaged</name>
		<pose>Unspecified</pose>
		<truncated>0</truncated>
		<difficult>0</difficult>
		<bndbox>
			<xmin>44</xmin>
			<ymin>111</ymin>
			<xmax>149</xmax>
			<ymax>177</ymax>
		</bndbox>
	</object>
</annotation>