<annotation>
	<folder>my-project-name</folder>
	<filename>Damaged_0_2041.jpeg</filename>
	<path>/my-project-name/Damaged_0_2041.jpeg</path>
	<source>
		<database>Unspecified</database>
	</source>
	<size>
		<width>275</width>
		<height>183</height>
		<depth>3</depth>
	</size>
	<object>
		<name>Damaged</name>
		<pose>Unspecified</pose>
		<truncated>0</truncated>
		<difficult>0</difficult>
		<bndbox>
			<xmin>23</xmin>
			<ymin>68</ymin>
			<xmax>58</xmax>
			<ymax>84</ymax>
		</bndbox>
	</object>
	<object>
		<name>Damaged</name>
		<pose>Unspecified</pose>
		<truncated>0</truncated>
		<difficult>0</difficult>
		<bndbox>
			<xmin>72</xmin>
			<ymin>81</ymin>
			<xmax>144</xmax>
			<ymax>113</ymax>
		</bndbox>
	</object>
	<object>
		<name>Damaged</name>
		<pose>Unspecified</pose>
		<truncated>0</truncated>
		<difficult>0</difficult>
		<bndbox>
			<xmin>77</xmin>
			<ymin>29</ymin>
			<xmax>150</xmax>
			<ymax>47</ymax>
		</bndbox>
	</object>
</annotation>