<annotation>
	<folder>my-project-name</folder>
	<filename>Damaged_0_2496.jpeg</filename>
	<path>/my-project-name/Damaged_0_2496.jpeg</path>
	<source>
		<database>Unspecified</database>
	</source>
	<size>
		<width>274</width>
		<height>184</height>
		<depth>3</depth>
	</size>
	<object>
		<name>Damaged</name>
		<pose>Unspecified</pose>
		<truncated>0</truncated>
		<difficult>0</difficult>
		<bndbox>
			<xmin>55</xmin>
			<ymin>37</ymin>
			<xmax>230</xmax>
			<ymax>184</ymax>
		</bndbox>
	</object>
	<object>
		<name>Damaged</name>
		<pose>Unspecified</pose>
		<truncated>0</truncated>
		<difficult>0</difficult>
		<bndbox>
			<xmin>18</xmin>
			<ymin>122</ymin>
			<xmax>99</xmax>
			<ymax>184</ymax>
		</bndbox>
	</object>
</annotation>