<annotation>
	<folder>my-project-name</folder>
	<filename>Damaged_0_236.jpeg</filename>
	<path>/my-project-name/Damaged_0_236.jpeg</path>
	<source>
		<database>Unspecified</database>
	</source>
	<size>
		<width>278</width>
		<height>181</height>
		<depth>3</depth>
	</size>
	<object>
		<name>Damaged</name>
		<pose>Unspecified</pose>
		<truncated>0</truncated>
		<difficult>0</difficult>
		<bndbox>
			<xmin>117</xmin>
			<ymin>102</ymin>
			<xmax>209</xmax>
			<ymax>149</ymax>
		</bndbox>
	</object>
	<object>
		<name>Damaged</name>
		<pose>Unspecified</pose>
		<truncated>0</truncated>
		<difficult>0</difficult>
		<bndbox>
			<xmin>179</xmin>
			<ymin>44</ymin>
			<xmax>235</xmax>
			<ymax>112</ymax>
		</bndbox>
	</object>
	<object>
		<name>Damaged</name>
		<pose>Unspecified</pose>
		<truncated>0</truncated>
		<difficult>0</difficult>
		<bndbox>
			<xmin>201</xmin>
			<ymin>91</ymin>
			<xmax>252</xmax>
			<ymax>166</ymax>
		</bndbox>
	</object>
	<object>
		<name>Damaged</name>
		<pose>Unspecified</pose>
		<truncated>0</truncated>
		<difficult>0</difficult>
		<bndbox>
			<xmin>243</xmin>
			<ymin>53</ymin>
			<xmax>269</xmax>
			<ymax>102</ymax>
		</bndbox>
	</object>
</annotation>