<annotation>
	<folder>my-project-name</folder>
	<filename>Damaged_0_1922.jpeg</filename>
	<path>/my-project-name/Damaged_0_1922.jpeg</path>
	<source>
		<database>Unspecified</database>
	</source>
	<size>
		<width>280</width>
		<height>180</height>
		<depth>3</depth>
	</size>
	<object>
		<name>Damaged</name>
		<pose>Unspecified</pose>
		<truncated>0</truncated>
		<difficult>0</difficult>
		<bndbox>
			<xmin>147</xmin>
			<ymin>51</ymin>
			<xmax>269</xmax>
			<ymax>157</ymax>
		</bndbox>
	</object>
	<object>
		<name>Damaged</name>
		<pose>Unspecified</pose>
		<truncated>0</truncated>
		<difficult>0</difficult>
		<bndbox>
			<xmin>93</xmin>
			<ymin>74</ymin>
			<xmax>135</xmax>
			<ymax>128</ymax>
		</bndbox>
	</object>
</annotation>