<annotation>
	<folder>my-project-name</folder>
	<filename>Damaged_0_2464.jpeg</filename>
	<path>/my-project-name/Damaged_0_2464.jpeg</path>
	<source>
		<database>Unspecified</database>
	</source>
	<size>
		<width>275</width>
		<height>183</height>
		<depth>3</depth>
	</size>
	<object>
		<name>Damaged</name>
		<pose>Unspecified</pose>
		<truncated>0</truncated>
		<difficult>0</difficult>
		<bndbox>
			<xmin>74</xmin>
			<ymin>1</ymin>
			<xmax>171</xmax>
			<ymax>75</ymax>
		</bndbox>
	</object>
	<object>
		<name>Damaged</name>
		<pose>Unspecified</pose>
		<truncated>0</truncated>
		<difficult>0</difficult>
		<bndbox>
			<xmin>182</xmin>
			<ymin>28</ymin>
			<xmax>275</xmax>
			<ymax>62</ymax>
		</bndbox>
	</object>
</annotation>