<annotation>
	<folder>my-project-name</folder>
	<filename>Damaged_0_1343.jpeg</filename>
	<path>/my-project-name/Damaged_0_1343.jpeg</path>
	<source>
		<database>Unspecified</database>
	</source>
	<size>
		<width>290</width>
		<height>173</height>
		<depth>3</depth>
	</size>
	<object>
		<name>Damaged</name>
		<pose>Unspecified</pose>
		<truncated>0</truncated>
		<difficult>0</difficult>
		<bndbox>
			<xmin>9</xmin>
			<ymin>66</ymin>
			<xmax>82</xmax>
			<ymax>167</ymax>
		</bndbox>
	</object>
	<object>
		<name>Damaged</name>
		<pose>Unspecified</pose>
		<truncated>0</truncated>
		<difficult>0</difficult>
		<bndbox>
			<xmin>116</xmin>
			<ymin>122</ymin>
			<xmax>150</xmax>
			<ymax>167</ymax>
		</bndbox>
	</object>
</annotation>