<annotation>
	<folder>my-project-name</folder>
	<filename>Damaged_0_1027.jpeg</filename>
	<path>/my-project-name/Damaged_0_1027.jpeg</path>
	<source>
		<database>Unspecified</database>
	</source>
	<size>
		<width>273</width>
		<height>185</height>
		<depth>3</depth>
	</size>
	<object>
		<name>Damaged</name>
		<pose>Unspecified</pose>
		<truncated>0</truncated>
		<difficult>0</difficult>
		<bndbox>
			<xmin>234</xmin>
			<ymin>80</ymin>
			<xmax>273</xmax>
			<ymax>108</ymax>
		</bndbox>
	</object>
	<object>
		<name>Damaged</name>
		<pose>Unspecified</pose>
		<truncated>0</truncated>
		<difficult>0</difficult>
		<bndbox>
			<xmin>237</xmin>
			<ymin>55</ymin>
			<xmax>273</xmax>
			<ymax>77</ymax>
		</bndbox>
	</object>
	<object>
		<name>Damaged</name>
		<pose>Unspecified</pose>
		<truncated>0</truncated>
		<difficult>0</difficult>
		<bndbox>
			<xmin>127</xmin>
			<ymin>60</ymin>
			<xmax>143</xmax>
			<ymax>78</ymax>
		</bndbox>
	</object>
</annotation>