<annotation>
	<folder>my-project-name</folder>
	<filename>Damaged_0_2235.jpeg</filename>
	<path>/my-project-name/Damaged_0_2235.jpeg</path>
	<source>
		<database>Unspecified</database>
	</source>
	<size>
		<width>259</width>
		<height>195</height>
		<depth>3</depth>
	</size>
	<object>
		<name>Damaged</name>
		<pose>Unspecified</pose>
		<truncated>0</truncated>
		<difficult>0</difficult>
		<bndbox>
			<xmin>116</xmin>
			<ymin>107</ymin>
			<xmax>178</xmax>
			<ymax>167</ymax>
		</bndbox>
	</object>
	<object>
		<name>Damaged</name>
		<pose>Unspecified</pose>
		<truncated>0</truncated>
		<difficult>0</difficult>
		<bndbox>
			<xmin>8</xmin>
			<ymin>98</ymin>
			<xmax>92</xmax>
			<ymax>161</ymax>
		</bndbox>
	</object>
</annotation>