<annotation>
	<folder>my-project-name</folder>
	<filename>Damaged_0_2122.jpeg</filename>
	<path>/my-project-name/Damaged_0_2122.jpeg</path>
	<source>
		<database>Unspecified</database>
	</source>
	<size>
		<width>227</width>
		<height>222</height>
		<depth>3</depth>
	</size>
	<object>
		<name>Damaged</name>
		<pose>Unspecified</pose>
		<truncated>0</truncated>
		<difficult>0</difficult>
		<bndbox>
			<xmin>132</xmin>
			<ymin>62</ymin>
			<xmax>212</xmax>
			<ymax>94</ymax>
		</bndbox>
	</object>
</annotation>