<annotation>
	<folder>my-project-name</folder>
	<filename>Damaged_0_2281.jpeg</filename>
	<path>/my-project-name/Damaged_0_2281.jpeg</path>
	<source>
		<database>Unspecified</database>
	</source>
	<size>
		<width>284</width>
		<height>178</height>
		<depth>3</depth>
	</size>
	<object>
		<name>Damaged</name>
		<pose>Unspecified</pose>
		<truncated>0</truncated>
		<difficult>0</difficult>
		<bndbox>
			<xmin>12</xmin>
			<ymin>41</ymin>
			<xmax>261</xmax>
			<ymax>151</ymax>
		</bndbox>
	</object>
	<object>
		<name>Damaged</name>
		<pose>Unspecified</pose>
		<truncated>0</truncated>
		<difficult>0</difficult>
		<bndbox>
			<xmin>103</xmin>
			<ymin>22</ymin>
			<xmax>201</xmax>
			<ymax>42</ymax>
		</bndbox>
	</object>
</annotation>