<annotation>
	<folder>my-project-name</folder>
	<filename>Damaged_0_1683.jpeg</filename>
	<path>/my-project-name/Damaged_0_1683.jpeg</path>
	<source>
		<database>Unspecified</database>
	</source>
	<size>
		<width>300</width>
		<height>168</height>
		<depth>3</depth>
	</size>
	<object>
		<name>Damaged</name>
		<pose>Unspecified</pose>
		<truncated>0</truncated>
		<difficult>0</difficult>
		<bndbox>
			<xmin>113</xmin>
			<ymin>141</ymin>
			<xmax>200</xmax>
			<ymax>168</ymax>
		</bndbox>
	</object>
	<object>
		<name>Damaged</name>
		<pose>Unspecified</pose>
		<truncated>0</truncated>
		<difficult>0</difficult>
		<bndbox>
			<xmin>219</xmin>
			<ymin>99</ymin>
			<xmax>246</xmax>
			<ymax>142</ymax>
		</bndbox>
	</object>
</annotation>