<annotation>
	<folder>my-project-name</folder>
	<filename>Damaged_0_2692.jpeg</filename>
	<path>/my-project-name/Damaged_0_2692.jpeg</path>
	<source>
		<database>Unspecified</database>
	</source>
	<size>
		<width>266</width>
		<height>189</height>
		<depth>3</depth>
	</size>
	<object>
		<name>Damaged</name>
		<pose>Unspecified</pose>
		<truncated>0</truncated>
		<difficult>0</difficult>
		<bndbox>
			<xmin>103</xmin>
			<ymin>80</ymin>
			<xmax>157</xmax>
			<ymax>110</ymax>
		</bndbox>
	</object>
	<object>
		<name>Damaged</name>
		<pose>Unspecified</pose>
		<truncated>0</truncated>
		<difficult>0</difficult>
		<bndbox>
			<xmin>189</xmin>
			<ymin>12</ymin>
			<xmax>266</xmax>
			<ymax>113</ymax>
		</bndbox>
	</object>
	<object>
		<name>Damaged</name>
		<pose>Unspecified</pose>
		<truncated>0</truncated>
		<difficult>0</difficult>
		<bndbox>
			<xmin>77</xmin>
			<ymin>43</ymin>
			<xmax>174</xmax>
			<ymax>80</ymax>
		</bndbox>
	</object>
</annotation>