<annotation>
	<folder>my-project-name</folder>
	<filename>Damaged_0_1719.jpeg</filename>
	<path>/my-project-name/Damaged_0_1719.jpeg</path>
	<source>
		<database>Unspecified</database>
	</source>
	<size>
		<width>228</width>
		<height>221</height>
		<depth>3</depth>
	</size>
	<object>
		<name>Damaged</name>
		<pose>Unspecified</pose>
		<truncated>0</truncated>
		<difficult>0</difficult>
		<bndbox>
			<xmin>57</xmin>
			<ymin>59</ymin>
			<xmax>129</xmax>
			<ymax>220</ymax>
		</bndbox>
	</object>
</annotation>