<annotation>
	<folder>my-project-name</folder>
	<filename>Damaged_0_1660.jpeg</filename>
	<path>/my-project-name/Damaged_0_1660.jpeg</path>
	<source>
		<database>Unspecified</database>
	</source>
	<size>
		<width>266</width>
		<height>189</height>
		<depth>3</depth>
	</size>
	<object>
		<name>Damaged</name>
		<pose>Unspecified</pose>
		<truncated>0</truncated>
		<difficult>0</difficult>
		<bndbox>
			<xmin>36</xmin>
			<ymin>70</ymin>
			<xmax>107</xmax>
			<ymax>189</ymax>
		</bndbox>
	</object>
	<object>
		<name>Damaged</name>
		<pose>Unspecified</pose>
		<truncated>0</truncated>
		<difficult>0</difficult>
		<bndbox>
			<xmin>104</xmin>
			<ymin>43</ymin>
			<xmax>251</xmax>
			<ymax>113</ymax>
		</bndbox>
	</object>
	<object>
		<name>Damaged</name>
		<pose>Unspecified</pose>
		<truncated>0</truncated>
		<difficult>0</difficult>
		<bndbox>
			<xmin>184</xmin>
			<ymin>113</ymin>
			<xmax>256</xmax>
			<ymax>182</ymax>
		</bndbox>
	</object>
</annotation>