<annotation>
	<folder>my-project-name</folder>
	<filename>Damaged_0_2807.jpeg</filename>
	<path>/my-project-name/Damaged_0_2807.jpeg</path>
	<source>
		<database>Unspecified</database>
	</source>
	<size>
		<width>194</width>
		<height>260</height>
		<depth>3</depth>
	</size>
	<object>
		<name>Damaged</name>
		<pose>Unspecified</pose>
		<truncated>0</truncated>
		<difficult>0</difficult>
		<bndbox>
			<xmin>2</xmin>
			<ymin>103</ymin>
			<xmax>70</xmax>
			<ymax>139</ymax>
		</bndbox>
	</object>
	<object>
		<name>Damaged</name>
		<pose>Unspecified</pose>
		<truncated>0</truncated>
		<difficult>0</difficult>
		<bndbox>
			<xmin>74</xmin>
			<ymin>186</ymin>
			<xmax>118</xmax>
			<ymax>240</ymax>
		</bndbox>
	</object>
</annotation>