<annotation>
	<folder>my-project-name</folder>
	<filename>Damaged_0_2422.jpeg</filename>
	<path>/my-project-name/Damaged_0_2422.jpeg</path>
	<source>
		<database>Unspecified</database>
	</source>
	<size>
		<width>260</width>
		<height>194</height>
		<depth>3</depth>
	</size>
	<object>
		<name>Damaged</name>
		<pose>Unspecified</pose>
		<truncated>0</truncated>
		<difficult>0</difficult>
		<bndbox>
			<xmin>106</xmin>
			<ymin>51</ymin>
			<xmax>166</xmax>
			<ymax>171</ymax>
		</bndbox>
	</object>
	<object>
		<name>Damaged</name>
		<pose>Unspecified</pose>
		<truncated>0</truncated>
		<difficult>0</difficult>
		<bndbox>
			<xmin>170</xmin>
			<ymin>126</ymin>
			<xmax>260</xmax>
			<ymax>193</ymax>
		</bndbox>
	</object>
	<object>
		<name>Damaged</name>
		<pose>Unspecified</pose>
		<truncated>0</truncated>
		<difficult>0</difficult>
		<bndbox>
			<xmin>128</xmin>
			<ymin>158</ymin>
			<xmax>182</xmax>
			<ymax>194</ymax>
		</bndbox>
	</object>
</annotation>