<annotation>
	<folder>my-project-name</folder>
	<filename>Damaged_0_1573.jpeg</filename>
	<path>/my-project-name/Damaged_0_1573.jpeg</path>
	<source>
		<database>Unspecified</database>
	</source>
	<size>
		<width>259</width>
		<height>194</height>
		<depth>3</depth>
	</size>
	<object>
		<name>Damaged</name>
		<pose>Unspecified</pose>
		<truncated>0</truncated>
		<difficult>0</difficult>
		<bndbox>
			<xmin>90</xmin>
			<ymin>80</ymin>
			<xmax>146</xmax>
			<ymax>140</ymax>
		</bndbox>
	</object>
	<object>
		<name>Damaged</name>
		<pose>Unspecified</pose>
		<truncated>0</truncated>
		<difficult>0</difficult>
		<bndbox>
			<xmin>214</xmin>
			<ymin>128</ymin>
			<xmax>228</xmax>
			<ymax>148</ymax>
		</bndbox>
	</object>
</annotation>