<annotation>
	<folder>my-project-name</folder>
	<filename>Damaged_0_1518.jpeg</filename>
	<path>/my-project-name/Damaged_0_1518.jpeg</path>
	<source>
		<database>Unspecified</database>
	</source>
	<size>
		<width>180</width>
		<height>281</height>
		<depth>3</depth>
	</size>
	<object>
		<name>Damaged</name>
		<pose>Unspecified</pose>
		<truncated>0</truncated>
		<difficult>0</difficult>
		<bndbox>
			<xmin>71</xmin>
			<ymin>17</ymin>
			<xmax>180</xmax>
			<ymax>81</ymax>
		</bndbox>
	</object>
	<object>
		<name>Damaged</name>
		<pose>Unspecified</pose>
		<truncated>0</truncated>
		<difficult>0</difficult>
		<bndbox>
			<xmin>70</xmin>
			<ymin>87</ymin>
			<xmax>146</xmax>
			<ymax>193</ymax>
		</bndbox>
	</object>
</annotation>