<annotation>
	<folder>my-project-name</folder>
	<filename>Damaged_0_2606.jpeg</filename>
	<path>/my-project-name/Damaged_0_2606.jpeg</path>
	<source>
		<database>Unspecified</database>
	</source>
	<size>
		<width>314</width>
		<height>160</height>
		<depth>3</depth>
	</size>
	<object>
		<name>Damaged</name>
		<pose>Unspecified</pose>
		<truncated>0</truncated>
		<difficult>0</difficult>
		<bndbox>
			<xmin>29</xmin>
			<ymin>9</ymin>
			<xmax>96</xmax>
			<ymax>43</ymax>
		</bndbox>
	</object>
</annotation>