<annotation>
	<folder>my-project-name</folder>
	<filename>Damaged_0_2036.jpeg</filename>
	<path>/my-project-name/Damaged_0_2036.jpeg</path>
	<source>
		<database>Unspecified</database>
	</source>
	<size>
		<width>290</width>
		<height>174</height>
		<depth>3</depth>
	</size>
	<object>
		<name>Damaged</name>
		<pose>Unspecified</pose>
		<truncated>0</truncated>
		<difficult>0</difficult>
		<bndbox>
			<xmin>100</xmin>
			<ymin>140</ymin>
			<xmax>133</xmax>
			<ymax>151</ymax>
		</bndbox>
	</object>
	<object>
		<name>Damaged</name>
		<pose>Unspecified</pose>
		<truncated>0</truncated>
		<difficult>0</difficult>
		<bndbox>
			<xmin>136</xmin>
			<ymin>159</ymin>
			<xmax>170</xmax>
			<ymax>174</ymax>
		</bndbox>
	</object>
	<object>
		<name>Damaged</name>
		<pose>Unspecified</pose>
		<truncated>0</truncated>
		<difficult>0</difficult>
		<bndbox>
			<xmin>84</xmin>
			<ymin>158</ymin>
			<xmax>99</xmax>
			<ymax>174</ymax>
		</bndbox>
	</object>
</annotation>