<annotation>
	<folder>my-project-name</folder>
	<filename>Damaged_0_132.jpeg</filename>
	<path>/my-project-name/Damaged_0_132.jpeg</path>
	<source>
		<database>Unspecified</database>
	</source>
	<size>
		<width>252</width>
		<height>200</height>
		<depth>3</depth>
	</size>
	<object>
		<name>Damaged</name>
		<pose>Unspecified</pose>
		<truncated>0</truncated>
		<difficult>0</difficult>
		<bndbox>
			<xmin>80</xmin>
			<ymin>62</ymin>
			<xmax>252</xmax>
			<ymax>101</ymax>
		</bndbox>
	</object>
	<object>
		<name>Damaged</name>
		<pose>Unspecified</pose>
		<truncated>0</truncated>
		<difficult>0</difficult>
		<bndbox>
			<xmin>173</xmin>
			<ymin>34</ymin>
			<xmax>228</xmax>
			<ymax>69</ymax>
		</bndbox>
	</object>
	<object>
		<name>Damaged</name>
		<pose>Unspecified</pose>
		<truncated>0</truncated>
		<difficult>0</difficult>
		<bndbox>
			<xmin>112</xmin>
			<ymin>114</ymin>
			<xmax>223</xmax>
			<ymax>146</ymax>
		</bndbox>
	</object>
	<object>
		<name>Damaged</name>
		<pose>Unspecified</pose>
		<truncated>0</truncated>
		<difficult>0</difficult>
		<bndbox>
			<xmin>165</xmin>
			<ymin>93</ymin>
			<xmax>210</xmax>
			<ymax>129</ymax>
		</bndbox>
	</object>
	<object>
		<name>Damaged</name>
		<pose>Unspecified</pose>
		<truncated>0</truncated>
		<difficult>0</difficult>
		<bndbox>
			<xmin>109</xmin>
			<ymin>140</ymin>
			<xmax>168</xmax>
			<ymax>170</ymax>
		</bndbox>
	</object>
</annotation>