<annotation>
	<folder>my-project-name</folder>
	<filename>Damaged_0_1572.jpeg</filename>
	<path>/my-project-name/Damaged_0_1572.jpeg</path>
	<source>
		<database>Unspecified</database>
	</source>
	<size>
		<width>259</width>
		<height>194</height>
		<depth>3</depth>
	</size>
	<object>
		<name>Damaged</name>
		<pose>Unspecified</pose>
		<truncated>0</truncated>
		<difficult>0</difficult>
		<bndbox>
			<xmin>129</xmin>
			<ymin>46</ymin>
			<xmax>174</xmax>
			<ymax>81</ymax>
		</bndbox>
	</object>
	<object>
		<name>Damaged</name>
		<pose>Unspecified</pose>
		<truncated>0</truncated>
		<difficult>0</difficult>
		<bndbox>
			<xmin>137</xmin>
			<ymin>87</ymin>
			<xmax>176</xmax>
			<ymax>102</ymax>
		</bndbox>
	</object>
	<object>
		<name>Damaged</name>
		<pose>Unspecified</pose>
		<truncated>0</truncated>
		<difficult>0</difficult>
		<bndbox>
			<xmin>125</xmin>
			<ymin>127</ymin>
			<xmax>163</xmax>
			<ymax>149</ymax>
		</bndbox>
	</object>
</annotation>