<annotation>
	<folder>my-project-name</folder>
	<filename>Damaged_0_296.jpeg</filename>
	<path>/my-project-name/Damaged_0_296.jpeg</path>
	<source>
		<database>Unspecified</database>
	</source>
	<size>
		<width>259</width>
		<height>194</height>
		<depth>3</depth>
	</size>
	<object>
		<name>Damaged</name>
		<pose>Unspecified</pose>
		<truncated>0</truncated>
		<difficult>0</difficult>
		<bndbox>
			<xmin>72</xmin>
			<ymin>40</ymin>
			<xmax>120</xmax>
			<ymax>73</ymax>
		</bndbox>
	</object>
	<object>
		<name>Damaged</name>
		<pose>Unspecified</pose>
		<truncated>0</truncated>
		<difficult>0</difficult>
		<bndbox>
			<xmin>127</xmin>
			<ymin>35</ymin>
			<xmax>148</xmax>
			<ymax>57</ymax>
		</bndbox>
	</object>
	<object>
		<name>Damaged</name>
		<pose>Unspecified</pose>
		<truncated>0</truncated>
		<difficult>0</difficult>
		<bndbox>
			<xmin>141</xmin>
			<ymin>69</ymin>
			<xmax>151</xmax>
			<ymax>97</ymax>
		</bndbox>
	</object>
	<object>
		<name>Damaged</name>
		<pose>Unspecified</pose>
		<truncated>0</truncated>
		<difficult>0</difficult>
		<bndbox>
			<xmin>122</xmin>
			<ymin>82</ymin>
			<xmax>146</xmax>
			<ymax>107</ymax>
		</bndbox>
	</object>
</annotation>