<annotation>
	<folder>my-project-name</folder>
	<filename>Damaged_0_1757.jpeg</filename>
	<path>/my-project-name/Damaged_0_1757.jpeg</path>
	<source>
		<database>Unspecified</database>
	</source>
	<size>
		<width>304</width>
		<height>166</height>
		<depth>3</depth>
	</size>
	<object>
		<name>Damaged</name>
		<pose>Unspecified</pose>
		<truncated>0</truncated>
		<difficult>0</difficult>
		<bndbox>
			<xmin>43</xmin>
			<ymin>1</ymin>
			<xmax>304</xmax>
			<ymax>87</ymax>
		</bndbox>
	</object>
</annotation>