<annotation>
	<folder>my-project-name</folder>
	<filename>Damaged_0_311.jpeg</filename>
	<path>/my-project-name/Damaged_0_311.jpeg</path>
	<source>
		<database>Unspecified</database>
	</source>
	<size>
		<width>269</width>
		<height>187</height>
		<depth>3</depth>
	</size>
	<object>
		<name>Damaged</name>
		<pose>Unspecified</pose>
		<truncated>0</truncated>
		<difficult>0</difficult>
		<bndbox>
			<xmin>166</xmin>
			<ymin>7</ymin>
			<xmax>269</xmax>
			<ymax>72</ymax>
		</bndbox>
	</object>
	<object>
		<name>Damaged</name>
		<pose>Unspecified</pose>
		<truncated>0</truncated>
		<difficult>0</difficult>
		<bndbox>
			<xmin>210</xmin>
			<ymin>57</ymin>
			<xmax>247</xmax>
			<ymax>90</ymax>
		</bndbox>
	</object>
</annotation>