<annotation>
	<folder>my-project-name</folder>
	<filename>Damaged_0_1406.jpeg</filename>
	<path>/my-project-name/Damaged_0_1406.jpeg</path>
	<source>
		<database>Unspecified</database>
	</source>
	<size>
		<width>259</width>
		<height>194</height>
		<depth>3</depth>
	</size>
	<object>
		<name>Damaged</name>
		<pose>Unspecified</pose>
		<truncated>0</truncated>
		<difficult>0</difficult>
		<bndbox>
			<xmin>106</xmin>
			<ymin>36</ymin>
			<xmax>257</xmax>
			<ymax>93</ymax>
		</bndbox>
	</object>
	<object>
		<name>Damaged</name>
		<pose>Unspecified</pose>
		<truncated>0</truncated>
		<difficult>0</difficult>
		<bndbox>
			<xmin>145</xmin>
			<ymin>97</ymin>
			<xmax>215</xmax>
			<ymax>122</ymax>
		</bndbox>
	</object>
	<object>
		<name>Damaged</name>
		<pose>Unspecified</pose>
		<truncated>0</truncated>
		<difficult>0</difficult>
		<bndbox>
			<xmin>220</xmin>
			<ymin>15</ymin>
			<xmax>237</xmax>
			<ymax>46</ymax>
		</bndbox>
	</object>
</annotation>