<annotation>
	<folder>my-project-name</folder>
	<filename>Damaged_0_2206.jpeg</filename>
	<path>/my-project-name/Damaged_0_2206.jpeg</path>
	<source>
		<database>Unspecified</database>
	</source>
	<size>
		<width>189</width>
		<height>267</height>
		<depth>3</depth>
	</size>
	<object>
		<name>Damaged</name>
		<pose>Unspecified</pose>
		<truncated>0</truncated>
		<difficult>0</difficult>
		<bndbox>
			<xmin>136</xmin>
			<ymin>63</ymin>
			<xmax>189</xmax>
			<ymax>143</ymax>
		</bndbox>
	</object>
</annotation>