<annotation>
	<folder>my-project-name</folder>
	<filename>Damaged_0_1397.jpeg</filename>
	<path>/my-project-name/Damaged_0_1397.jpeg</path>
	<source>
		<database>Unspecified</database>
	</source>
	<size>
		<width>290</width>
		<height>174</height>
		<depth>3</depth>
	</size>
	<object>
		<name>Damaged</name>
		<pose>Unspecified</pose>
		<truncated>0</truncated>
		<difficult>0</difficult>
		<bndbox>
			<xmin>93</xmin>
			<ymin>105</ymin>
			<xmax>136</xmax>
			<ymax>144</ymax>
		</bndbox>
	</object>
	<object>
		<name>Damaged</name>
		<pose>Unspecified</pose>
		<truncated>0</truncated>
		<difficult>0</difficult>
		<bndbox>
			<xmin>149</xmin>
			<ymin>98</ymin>
			<xmax>180</xmax>
			<ymax>156</ymax>
		</bndbox>
	</object>
	<object>
		<name>Damaged</name>
		<pose>Unspecified</pose>
		<truncated>0</truncated>
		<difficult>0</difficult>
		<bndbox>
			<xmin>130</xmin>
			<ymin>84</ymin>
			<xmax>148</xmax>
			<ymax>102</ymax>
		</bndbox>
	</object>
</annotation>