<annotation>
	<folder>my-project-name</folder>
	<filename>Damaged_0_1910.jpeg</filename>
	<path>/my-project-name/Damaged_0_1910.jpeg</path>
	<source>
		<database>Unspecified</database>
	</source>
	<size>
		<width>225</width>
		<height>225</height>
		<depth>3</depth>
	</size>
	<object>
		<name>Damaged</name>
		<pose>Unspecified</pose>
		<truncated>0</truncated>
		<difficult>0</difficult>
		<bndbox>
			<xmin>181</xmin>
			<ymin>131</ymin>
			<xmax>220</xmax>
			<ymax>203</ymax>
		</bndbox>
	</object>
	<object>
		<name>Damaged</name>
		<pose>Unspecified</pose>
		<truncated>0</truncated>
		<difficult>0</difficult>
		<bndbox>
			<xmin>40</xmin>
			<ymin>138</ymin>
			<xmax>79</xmax>
			<ymax>201</ymax>
		</bndbox>
	</object>
</annotation>