<annotation>
	<folder>my-project-name</folder>
	<filename>Damaged_0_1178.jpeg</filename>
	<path>/my-project-name/Damaged_0_1178.jpeg</path>
	<source>
		<database>Unspecified</database>
	</source>
	<size>
		<width>251</width>
		<height>201</height>
		<depth>3</depth>
	</size>
	<object>
		<name>Damaged</name>
		<pose>Unspecified</pose>
		<truncated>0</truncated>
		<difficult>0</difficult>
		<bndbox>
			<xmin>161</xmin>
			<ymin>109</ymin>
			<xmax>251</xmax>
			<ymax>157</ymax>
		</bndbox>
	</object>
	<object>
		<name>Damaged</name>
		<pose>Unspecified</pose>
		<truncated>0</truncated>
		<difficult>0</difficult>
		<bndbox>
			<xmin>102</xmin>
			<ymin>40</ymin>
			<xmax>176</xmax>
			<ymax>106</ymax>
		</bndbox>
	</object>
	<object>
		<name>Damaged</name>
		<pose>Unspecified</pose>
		<truncated>0</truncated>
		<difficult>0</difficult>
		<bndbox>
			<xmin>117</xmin>
			<ymin>4</ymin>
			<xmax>147</xmax>
			<ymax>45</ymax>
		</bndbox>
	</object>
</annotation>