<annotation>
	<folder>my-project-name</folder>
	<filename>Damaged_0_2013.jpeg</filename>
	<path>/my-project-name/Damaged_0_2013.jpeg</path>
	<source>
		<database>Unspecified</database>
	</source>
	<size>
		<width>269</width>
		<height>188</height>
		<depth>3</depth>
	</size>
	<object>
		<name>Damaged</name>
		<pose>Unspecified</pose>
		<truncated>0</truncated>
		<difficult>0</difficult>
		<bndbox>
			<xmin>155</xmin>
			<ymin>40</ymin>
			<xmax>216</xmax>
			<ymax>95</ymax>
		</bndbox>
	</object>
	<object>
		<name>Damaged</name>
		<pose>Unspecified</pose>
		<truncated>0</truncated>
		<difficult>0</difficult>
		<bndbox>
			<xmin>139</xmin>
			<ymin>87</ymin>
			<xmax>173</xmax>
			<ymax>116</ymax>
		</bndbox>
	</object>
</annotation>