<annotation>
	<folder>my-project-name</folder>
	<filename>Damaged_0_2955.jpeg</filename>
	<path>/my-project-name/Damaged_0_2955.jpeg</path>
	<source>
		<database>Unspecified</database>
	</source>
	<size>
		<width>244</width>
		<height>206</height>
		<depth>3</depth>
	</size>
	<object>
		<name>Damaged</name>
		<pose>Unspecified</pose>
		<truncated>0</truncated>
		<difficult>0</difficult>
		<bndbox>
			<xmin>34</xmin>
			<ymin>49</ymin>
			<xmax>166</xmax>
			<ymax>163</ymax>
		</bndbox>
	</object>
	<object>
		<name>Damaged</name>
		<pose>Unspecified</pose>
		<truncated>0</truncated>
		<difficult>0</difficult>
		<bndbox>
			<xmin>6</xmin>
			<ymin>113</ymin>
			<xmax>40</xmax>
			<ymax>160</ymax>
		</bndbox>
	</object>
</annotation>