<annotation>
	<folder>my-project-name</folder>
	<filename>Damaged_0_2595.jpeg</filename>
	<path>/my-project-name/Damaged_0_2595.jpeg</path>
	<source>
		<database>Unspecified</database>
	</source>
	<size>
		<width>194</width>
		<height>259</height>
		<depth>3</depth>
	</size>
	<object>
		<name>Damaged</name>
		<pose>Unspecified</pose>
		<truncated>0</truncated>
		<difficult>0</difficult>
		<bndbox>
			<xmin>149</xmin>
			<ymin>99</ymin>
			<xmax>194</xmax>
			<ymax>222</ymax>
		</bndbox>
	</object>
</annotation>