<annotation>
	<folder>my-project-name</folder>
	<filename>Damaged_0_2250.jpeg</filename>
	<path>/my-project-name/Damaged_0_2250.jpeg</path>
	<source>
		<database>Unspecified</database>
	</source>
	<size>
		<width>266</width>
		<height>189</height>
		<depth>3</depth>
	</size>
	<object>
		<name>Damaged</name>
		<pose>Unspecified</pose>
		<truncated>0</truncated>
		<difficult>0</difficult>
		<bndbox>
			<xmin>8</xmin>
			<ymin>37</ymin>
			<xmax>107</xmax>
			<ymax>98</ymax>
		</bndbox>
	</object>
	<object>
		<name>Damaged</name>
		<pose>Unspecified</pose>
		<truncated>0</truncated>
		<difficult>0</difficult>
		<bndbox>
			<xmin>108</xmin>
			<ymin>18</ymin>
			<xmax>165</xmax>
			<ymax>80</ymax>
		</bndbox>
	</object>
	<object>
		<name>Damaged</name>
		<pose>Unspecified</pose>
		<truncated>0</truncated>
		<difficult>0</difficult>
		<bndbox>
			<xmin>82</xmin>
			<ymin>105</ymin>
			<xmax>165</xmax>
			<ymax>173</ymax>
		</bndbox>
	</object>
	<object>
		<name>Damaged</name>
		<pose>Unspecified</pose>
		<truncated>0</truncated>
		<difficult>0</difficult>
		<bndbox>
			<xmin>174</xmin>
			<ymin>78</ymin>
			<xmax>223</xmax>
			<ymax>178</ymax>
		</bndbox>
	</object>
</annotation>