<annotation>
	<folder>my-project-name</folder>
	<filename>Damaged_0_2195.jpeg</filename>
	<path>/my-project-name/Damaged_0_2195.jpeg</path>
	<source>
		<database>Unspecified</database>
	</source>
	<size>
		<width>259</width>
		<height>194</height>
		<depth>3</depth>
	</size>
	<object>
		<name>Damaged</name>
		<pose>Unspecified</pose>
		<truncated>0</truncated>
		<difficult>0</difficult>
		<bndbox>
			<xmin>104</xmin>
			<ymin>81</ymin>
			<xmax>137</xmax>
			<ymax>116</ymax>
		</bndbox>
	</object>
	<object>
		<name>Damaged</name>
		<pose>Unspecified</pose>
		<truncated>0</truncated>
		<difficult>0</difficult>
		<bndbox>
			<xmin>145</xmin>
			<ymin>97</ymin>
			<xmax>186</xmax>
			<ymax>132</ymax>
		</bndbox>
	</object>
	<object>
		<name>Damaged</name>
		<pose>Unspecified</pose>
		<truncated>0</truncated>
		<difficult>0</difficult>
		<bndbox>
			<xmin>149</xmin>
			<ymin>108</ymin>
			<xmax>176</xmax>
			<ymax>129</ymax>
		</bndbox>
	</object>
	<object>
		<name>Damaged</name>
		<pose>Unspecified</pose>
		<truncated>0</truncated>
		<difficult>0</difficult>
		<bndbox>
			<xmin>189</xmin>
			<ymin>95</ymin>
			<xmax>219</xmax>
			<ymax>123</ymax>
		</bndbox>
	</object>
	<object>
		<name>Damaged</name>
		<pose>Unspecified</pose>
		<truncated>0</truncated>
		<difficult>0</difficult>
		<bndbox>
			<xmin>184</xmin>
			<ymin>124</ymin>
			<xmax>222</xmax>
			<ymax>137</ymax>
		</bndbox>
	</object>
</annotation>