<annotation>
	<folder>my-project-name</folder>
	<filename>Damaged_0_2753.jpeg</filename>
	<path>/my-project-name/Damaged_0_2753.jpeg</path>
	<source>
		<database>Unspecified</database>
	</source>
	<size>
		<width>225</width>
		<height>225</height>
		<depth>3</depth>
	</size>
	<object>
		<name>Damaged</name>
		<pose>Unspecified</pose>
		<truncated>0</truncated>
		<difficult>0</difficult>
		<bndbox>
			<xmin>97</xmin>
			<ymin>64</ymin>
			<xmax>207</xmax>
			<ymax>159</ymax>
		</bndbox>
	</object>
	<object>
		<name>Damaged</name>
		<pose>Unspecified</pose>
		<truncated>0</truncated>
		<difficult>0</difficult>
		<bndbox>
			<xmin>12</xmin>
			<ymin>138</ymin>
			<xmax>65</xmax>
			<ymax>189</ymax>
		</bndbox>
	</object>
</annotation>