<annotation>
	<folder>my-project-name</folder>
	<filename>Damaged_0_2688.jpeg</filename>
	<path>/my-project-name/Damaged_0_2688.jpeg</path>
	<source>
		<database>Unspecified</database>
	</source>
	<size>
		<width>259</width>
		<height>194</height>
		<depth>3</depth>
	</size>
	<object>
		<name>Damaged</name>
		<pose>Unspecified</pose>
		<truncated>0</truncated>
		<difficult>0</difficult>
		<bndbox>
			<xmin>108</xmin>
			<ymin>78</ymin>
			<xmax>216</xmax>
			<ymax>123</ymax>
		</bndbox>
	</object>
	<object>
		<name>Damaged</name>
		<pose>Unspecified</pose>
		<truncated>0</truncated>
		<difficult>0</difficult>
		<bndbox>
			<xmin>158</xmin>
			<ymin>149</ymin>
			<xmax>196</xmax>
			<ymax>188</ymax>
		</bndbox>
	</object>
	<object>
		<name>Damaged</name>
		<pose>Unspecified</pose>
		<truncated>0</truncated>
		<difficult>0</difficult>
		<bndbox>
			<xmin>83</xmin>
			<ymin>147</ymin>
			<xmax>130</xmax>
			<ymax>192</ymax>
		</bndbox>
	</object>
</annotation>