<annotation>
	<folder>my-project-name</folder>
	<filename>Damaged_0_3020.jpeg</filename>
	<path>/my-project-name/Damaged_0_3020.jpeg</path>
	<source>
		<database>Unspecified</database>
	</source>
	<size>
		<width>266</width>
		<height>190</height>
		<depth>3</depth>
	</size>
	<object>
		<name>Damaged</name>
		<pose>Unspecified</pose>
		<truncated>0</truncated>
		<difficult>0</difficult>
		<bndbox>
			<xmin>180</xmin>
			<ymin>64</ymin>
			<xmax>266</xmax>
			<ymax>160</ymax>
		</bndbox>
	</object>
	<object>
		<name>Damaged</name>
		<pose>Unspecified</pose>
		<truncated>0</truncated>
		<difficult>0</difficult>
		<bndbox>
			<xmin>58</xmin>
			<ymin>95</ymin>
			<xmax>150</xmax>
			<ymax>156</ymax>
		</bndbox>
	</object>
	<object>
		<name>Damaged</name>
		<pose>Unspecified</pose>
		<truncated>0</truncated>
		<difficult>0</difficult>
		<bndbox>
			<xmin>184</xmin>
			<ymin>167</ymin>
			<xmax>266</xmax>
			<ymax>190</ymax>
		</bndbox>
	</object>
</annotation>