<annotation>
	<folder>my-project-name</folder>
	<filename>Damaged_0_3127.jpeg</filename>
	<path>/my-project-name/Damaged_0_3127.jpeg</path>
	<source>
		<database>Unspecified</database>
	</source>
	<size>
		<width>273</width>
		<height>185</height>
		<depth>3</depth>
	</size>
	<object>
		<name>Damaged</name>
		<pose>Unspecified</pose>
		<truncated>0</truncated>
		<difficult>0</difficult>
		<bndbox>
			<xmin>109</xmin>
			<ymin>87</ymin>
			<xmax>198</xmax>
			<ymax>169</ymax>
		</bndbox>
	</object>
	<object>
		<name>Damaged</name>
		<pose>Unspecified</pose>
		<truncated>0</truncated>
		<difficult>0</difficult>
		<bndbox>
			<xmin>56</xmin>
			<ymin>82</ymin>
			<xmax>124</xmax>
			<ymax>128</ymax>
		</bndbox>
	</object>
	<object>
		<name>Damaged</name>
		<pose>Unspecified</pose>
		<truncated>0</truncated>
		<difficult>0</difficult>
		<bndbox>
			<xmin>80</xmin>
			<ymin>122</ymin>
			<xmax>118</xmax>
			<ymax>169</ymax>
		</bndbox>
	</object>
</annotation>