<annotation>
	<folder>my-project-name</folder>
	<filename>Damaged_0_266.jpeg</filename>
	<path>/my-project-name/Damaged_0_266.jpeg</path>
	<source>
		<database>Unspecified</database>
	</source>
	<size>
		<width>257</width>
		<height>196</height>
		<depth>3</depth>
	</size>
	<object>
		<name>Damaged</name>
		<pose>Unspecified</pose>
		<truncated>0</truncated>
		<difficult>0</difficult>
		<bndbox>
			<xmin>38</xmin>
			<ymin>44</ymin>
			<xmax>162</xmax>
			<ymax>99</ymax>
		</bndbox>
	</object>
	<object>
		<name>Damaged</name>
		<pose>Unspecified</pose>
		<truncated>0</truncated>
		<difficult>0</difficult>
		<bndbox>
			<xmin>40</xmin>
			<ymin>118</ymin>
			<xmax>120</xmax>
			<ymax>174</ymax>
		</bndbox>
	</object>
</annotation>