<annotation>
	<folder>my-project-name</folder>
	<filename>Damaged_0_1937.jpeg</filename>
	<path>/my-project-name/Damaged_0_1937.jpeg</path>
	<source>
		<database>Unspecified</database>
	</source>
	<size>
		<width>245</width>
		<height>206</height>
		<depth>3</depth>
	</size>
	<object>
		<name>Damaged</name>
		<pose>Unspecified</pose>
		<truncated>0</truncated>
		<difficult>0</difficult>
		<bndbox>
			<xmin>14</xmin>
			<ymin>132</ymin>
			<xmax>213</xmax>
			<ymax>206</ymax>
		</bndbox>
	</object>
	<object>
		<name>Damaged</name>
		<pose>Unspecified</pose>
		<truncated>0</truncated>
		<difficult>0</difficult>
		<bndbox>
			<xmin>145</xmin>
			<ymin>96</ymin>
			<xmax>192</xmax>
			<ymax>140</ymax>
		</bndbox>
	</object>
</annotation>