<annotation>
	<folder>my-project-name</folder>
	<filename>Damaged_0_1044.jpeg</filename>
	<path>/my-project-name/Damaged_0_1044.jpeg</path>
	<source>
		<database>Unspecified</database>
	</source>
	<size>
		<width>232</width>
		<height>217</height>
		<depth>3</depth>
	</size>
	<object>
		<name>Damaged</name>
		<pose>Unspecified</pose>
		<truncated>0</truncated>
		<difficult>0</difficult>
		<bndbox>
			<xmin>28</xmin>
			<ymin>41</ymin>
			<xmax>145</xmax>
			<ymax>121</ymax>
		</bndbox>
	</object>
	<object>
		<name>Damaged</name>
		<pose>Unspecified</pose>
		<truncated>0</truncated>
		<difficult>0</difficult>
		<bndbox>
			<xmin>181</xmin>
			<ymin>107</ymin>
			<xmax>225</xmax>
			<ymax>161</ymax>
		</bndbox>
	</object>
</annotation>