<annotation>
	<folder>my-project-name</folder>
	<filename>Damaged_0_1253.jpeg</filename>
	<path>/my-project-name/Damaged_0_1253.jpeg</path>
	<source>
		<database>Unspecified</database>
	</source>
	<size>
		<width>275</width>
		<height>183</height>
		<depth>3</depth>
	</size>
	<object>
		<name>Damaged</name>
		<pose>Unspecified</pose>
		<truncated>0</truncated>
		<difficult>0</difficult>
		<bndbox>
			<xmin>103</xmin>
			<ymin>46</ymin>
			<xmax>173</xmax>
			<ymax>114</ymax>
		</bndbox>
	</object>
	<object>
		<name>Damaged</name>
		<pose>Unspecified</pose>
		<truncated>0</truncated>
		<difficult>0</difficult>
		<bndbox>
			<xmin>235</xmin>
			<ymin>100</ymin>
			<xmax>275</xmax>
			<ymax>167</ymax>
		</bndbox>
	</object>
	<object>
		<name>Damaged</name>
		<pose>Unspecified</pose>
		<truncated>0</truncated>
		<difficult>0</difficult>
		<bndbox>
			<xmin>81</xmin>
			<ymin>152</ymin>
			<xmax>142</xmax>
			<ymax>183</ymax>
		</bndbox>
	</object>
</annotation>