<annotation>
	<folder>my-project-name</folder>
	<filename>Damaged_0_171.jpeg</filename>
	<path>/my-project-name/Damaged_0_171.jpeg</path>
	<source>
		<database>Unspecified</database>
	</source>
	<size>
		<width>299</width>
		<height>168</height>
		<depth>3</depth>
	</size>
	<object>
		<name>Damaged</name>
		<pose>Unspecified</pose>
		<truncated>0</truncated>
		<difficult>0</difficult>
		<bndbox>
			<xmin>59</xmin>
			<ymin>111</ymin>
			<xmax>126</xmax>
			<ymax>160</ymax>
		</bndbox>
	</object>
</annotation>