<annotation>
	<folder>my-project-name</folder>
	<filename>Damaged_0_1581.jpeg</filename>
	<path>/my-project-name/Damaged_0_1581.jpeg</path>
	<source>
		<database>Unspecified</database>
	</source>
	<size>
		<width>286</width>
		<height>176</height>
		<depth>3</depth>
	</size>
	<object>
		<name>Damaged</name>
		<pose>Unspecified</pose>
		<truncated>0</truncated>
		<difficult>0</difficult>
		<bndbox>
			<xmin>57</xmin>
			<ymin>35</ymin>
			<xmax>160</xmax>
			<ymax>172</ymax>
		</bndbox>
	</object>
	<object>
		<name>Damaged</name>
		<pose>Unspecified</pose>
		<truncated>0</truncated>
		<difficult>0</difficult>
		<bndbox>
			<xmin>166</xmin>
			<ymin>100</ymin>
			<xmax>284</xmax>
			<ymax>176</ymax>
		</bndbox>
	</object>
</annotation>