<annotation>
	<folder>my-project-name</folder>
	<filename>Damaged_0_2990.jpeg</filename>
	<path>/my-project-name/Damaged_0_2990.jpeg</path>
	<source>
		<database>Unspecified</database>
	</source>
	<size>
		<width>259</width>
		<height>194</height>
		<depth>3</depth>
	</size>
	<object>
		<name>Damaged</name>
		<pose>Unspecified</pose>
		<truncated>0</truncated>
		<difficult>0</difficult>
		<bndbox>
			<xmin>6</xmin>
			<ymin>150</ymin>
			<xmax>175</xmax>
			<ymax>194</ymax>
		</bndbox>
	</object>
	<object>
		<name>Damaged</name>
		<pose>Unspecified</pose>
		<truncated>0</truncated>
		<difficult>0</difficult>
		<bndbox>
			<xmin>86</xmin>
			<ymin>129</ymin>
			<xmax>182</xmax>
			<ymax>164</ymax>
		</bndbox>
	</object>
</annotation>