<annotation>
	<folder>my-project-name</folder>
	<filename>Damaged_0_2212.jpeg</filename>
	<path>/my-project-name/Damaged_0_2212.jpeg</path>
	<source>
		<database>Unspecified</database>
	</source>
	<size>
		<width>276</width>
		<height>183</height>
		<depth>3</depth>
	</size>
	<object>
		<name>Damaged</name>
		<pose>Unspecified</pose>
		<truncated>0</truncated>
		<difficult>0</difficult>
		<bndbox>
			<xmin>78</xmin>
			<ymin>66</ymin>
			<xmax>225</xmax>
			<ymax>127</ymax>
		</bndbox>
	</object>
	<object>
		<name>Damaged</name>
		<pose>Unspecified</pose>
		<truncated>0</truncated>
		<difficult>0</difficult>
		<bndbox>
			<xmin>55</xmin>
			<ymin>105</ymin>
			<xmax>114</xmax>
			<ymax>159</ymax>
		</bndbox>
	</object>
	<object>
		<name>Damaged</name>
		<pose>Unspecified</pose>
		<truncated>0</truncated>
		<difficult>0</difficult>
		<bndbox>
			<xmin>165</xmin>
			<ymin>94</ymin>
			<xmax>233</xmax>
			<ymax>170</ymax>
		</bndbox>
	</object>
</annotation>