<annotation>
	<folder>my-project-name</folder>
	<filename>Damaged_0_2433.jpeg</filename>
	<path>/my-project-name/Damaged_0_2433.jpeg</path>
	<source>
		<database>Unspecified</database>
	</source>
	<size>
		<width>259</width>
		<height>194</height>
		<depth>3</depth>
	</size>
	<object>
		<name>Damaged</name>
		<pose>Unspecified</pose>
		<truncated>0</truncated>
		<difficult>0</difficult>
		<bndbox>
			<xmin>159</xmin>
			<ymin>11</ymin>
			<xmax>219</xmax>
			<ymax>96</ymax>
		</bndbox>
	</object>
	<object>
		<name>Damaged</name>
		<pose>Unspecified</pose>
		<truncated>0</truncated>
		<difficult>0</difficult>
		<bndbox>
			<xmin>126</xmin>
			<ymin>82</ymin>
			<xmax>170</xmax>
			<ymax>106</ymax>
		</bndbox>
	</object>
	<object>
		<name>Damaged</name>
		<pose>Unspecified</pose>
		<truncated>0</truncated>
		<difficult>0</difficult>
		<bndbox>
			<xmin>59</xmin>
			<ymin>108</ymin>
			<xmax>154</xmax>
			<ymax>161</ymax>
		</bndbox>
	</object>
</annotation>