<annotation>
	<folder>my-project-name</folder>
	<filename>Damaged_0_2878.jpeg</filename>
	<path>/my-project-name/Damaged_0_2878.jpeg</path>
	<source>
		<database>Unspecified</database>
	</source>
	<size>
		<width>275</width>
		<height>183</height>
		<depth>3</depth>
	</size>
	<object>
		<name>Damaged</name>
		<pose>Unspecified</pose>
		<truncated>0</truncated>
		<difficult>0</difficult>
		<bndbox>
			<xmin>231</xmin>
			<ymin>127</ymin>
			<xmax>269</xmax>
			<ymax>150</ymax>
		</bndbox>
	</object>
	<object>
		<name>Damaged</name>
		<pose>Unspecified</pose>
		<truncated>0</truncated>
		<difficult>0</difficult>
		<bndbox>
			<xmin>107</xmin>
			<ymin>96</ymin>
			<xmax>127</xmax>
			<ymax>114</ymax>
		</bndbox>
	</object>
</annotation>