<annotation>
	<folder>my-project-name</folder>
	<filename>Damaged_0_2278.jpeg</filename>
	<path>/my-project-name/Damaged_0_2278.jpeg</path>
	<source>
		<database>Unspecified</database>
	</source>
	<size>
		<width>300</width>
		<height>168</height>
		<depth>3</depth>
	</size>
	<object>
		<name>Damaged</name>
		<pose>Unspecified</pose>
		<truncated>0</truncated>
		<difficult>0</difficult>
		<bndbox>
			<xmin>126</xmin>
			<ymin>2</ymin>
			<xmax>300</xmax>
			<ymax>97</ymax>
		</bndbox>
	</object>
</annotation>