<annotation>
	<folder>my-project-name</folder>
	<filename>Damaged_0_2812.jpeg</filename>
	<path>/my-project-name/Damaged_0_2812.jpeg</path>
	<source>
		<database>Unspecified</database>
	</source>
	<size>
		<width>284</width>
		<height>177</height>
		<depth>3</depth>
	</size>
	<object>
		<name>Damaged</name>
		<pose>Unspecified</pose>
		<truncated>0</truncated>
		<difficult>0</difficult>
		<bndbox>
			<xmin>27</xmin>
			<ymin>78</ymin>
			<xmax>56</xmax>
			<ymax>119</ymax>
		</bndbox>
	</object>
	<object>
		<name>Damaged</name>
		<pose>Unspecified</pose>
		<truncated>0</truncated>
		<difficult>0</difficult>
		<bndbox>
			<xmin>106</xmin>
			<ymin>93</ymin>
			<xmax>156</xmax>
			<ymax>143</ymax>
		</bndbox>
	</object>
	<object>
		<name>Damaged</name>
		<pose>Unspecified</pose>
		<truncated>0</truncated>
		<difficult>0</difficult>
		<bndbox>
			<xmin>230</xmin>
			<ymin>65</ymin>
			<xmax>263</xmax>
			<ymax>116</ymax>
		</bndbox>
	</object>
	<object>
		<name>Damaged</name>
		<pose>Unspecified</pose>
		<truncated>0</truncated>
		<difficult>0</difficult>
		<bndbox>
			<xmin>60</xmin>
			<ymin>47</ymin>
			<xmax>137</xmax>
			<ymax>73</ymax>
		</bndbox>
	</object>
</annotation>