<annotation>
	<folder>my-project-name</folder>
	<filename>Damaged_0_279.jpeg</filename>
	<path>/my-project-name/Damaged_0_279.jpeg</path>
	<source>
		<database>Unspecified</database>
	</source>
	<size>
		<width>276</width>
		<height>183</height>
		<depth>3</depth>
	</size>
	<object>
		<name>Damaged</name>
		<pose>Unspecified</pose>
		<truncated>0</truncated>
		<difficult>0</difficult>
		<bndbox>
			<xmin>76</xmin>
			<ymin>61</ymin>
			<xmax>223</xmax>
			<ymax>166</ymax>
		</bndbox>
	</object>
	<object>
		<name>Damaged</name>
		<pose>Unspecified</pose>
		<truncated>0</truncated>
		<difficult>0</difficult>
		<bndbox>
			<xmin>56</xmin>
			<ymin>102</ymin>
			<xmax>88</xmax>
			<ymax>135</ymax>
		</bndbox>
	</object>
</annotation>