<annotation>
	<folder>my-project-name</folder>
	<filename>Damaged_0_2870.jpeg</filename>
	<path>/my-project-name/Damaged_0_2870.jpeg</path>
	<source>
		<database>Unspecified</database>
	</source>
	<size>
		<width>259</width>
		<height>194</height>
		<depth>3</depth>
	</size>
	<object>
		<name>Damaged</name>
		<pose>Unspecified</pose>
		<truncated>0</truncated>
		<difficult>0</difficult>
		<bndbox>
			<xmin>89</xmin>
			<ymin>100</ymin>
			<xmax>146</xmax>
			<ymax>169</ymax>
		</bndbox>
	</object>
	<object>
		<name>Damaged</name>
		<pose>Unspecified</pose>
		<truncated>0</truncated>
		<difficult>0</difficult>
		<bndbox>
			<xmin>6</xmin>
			<ymin>133</ymin>
			<xmax>90</xmax>
			<ymax>157</ymax>
		</bndbox>
	</object>
</annotation>