<annotation>
	<folder>my-project-name</folder>
	<filename>Damaged_0_1853.jpeg</filename>
	<path>/my-project-name/Damaged_0_1853.jpeg</path>
	<source>
		<database>Unspecified</database>
	</source>
	<size>
		<width>268</width>
		<height>188</height>
		<depth>3</depth>
	</size>
	<object>
		<name>Damaged</name>
		<pose>Unspecified</pose>
		<truncated>0</truncated>
		<difficult>0</difficult>
		<bndbox>
			<xmin>186</xmin>
			<ymin>13</ymin>
			<xmax>268</xmax>
			<ymax>118</ymax>
		</bndbox>
	</object>
</annotation>