<annotation>
	<folder>my-project-name</folder>
	<filename>Damaged_0_1429.jpeg</filename>
	<path>/my-project-name/Damaged_0_1429.jpeg</path>
	<source>
		<database>Unspecified</database>
	</source>
	<size>
		<width>225</width>
		<height>225</height>
		<depth>3</depth>
	</size>
	<object>
		<name>Damaged</name>
		<pose>Unspecified</pose>
		<truncated>0</truncated>
		<difficult>0</difficult>
		<bndbox>
			<xmin>120</xmin>
			<ymin>149</ymin>
			<xmax>225</xmax>
			<ymax>185</ymax>
		</bndbox>
	</object>
</annotation>