<annotation>
	<folder>my-project-name</folder>
	<filename>Damaged_0_2691.jpeg</filename>
	<path>/my-project-name/Damaged_0_2691.jpeg</path>
	<source>
		<database>Unspecified</database>
	</source>
	<size>
		<width>259</width>
		<height>194</height>
		<depth>3</depth>
	</size>
	<object>
		<name>Damaged</name>
		<pose>Unspecified</pose>
		<truncated>0</truncated>
		<difficult>0</difficult>
		<bndbox>
			<xmin>116</xmin>
			<ymin>93</ymin>
			<xmax>170</xmax>
			<ymax>117</ymax>
		</bndbox>
	</object>
	<object>
		<name>Damaged</name>
		<pose>Unspecified</pose>
		<truncated>0</truncated>
		<difficult>0</difficult>
		<bndbox>
			<xmin>169</xmin>
			<ymin>61</ymin>
			<xmax>225</xmax>
			<ymax>91</ymax>
		</bndbox>
	</object>
	<object>
		<name>Damaged</name>
		<pose>Unspecified</pose>
		<truncated>0</truncated>
		<difficult>0</difficult>
		<bndbox>
			<xmin>53</xmin>
			<ymin>139</ymin>
			<xmax>84</xmax>
			<ymax>170</ymax>
		</bndbox>
	</object>
</annotation>