<annotation>
	<folder>my-project-name</folder>
	<filename>Damaged_0_1823.jpeg</filename>
	<path>/my-project-name/Damaged_0_1823.jpeg</path>
	<source>
		<database>Unspecified</database>
	</source>
	<size>
		<width>275</width>
		<height>183</height>
		<depth>3</depth>
	</size>
	<object>
		<name>Damaged</name>
		<pose>Unspecified</pose>
		<truncated>0</truncated>
		<difficult>0</difficult>
		<bndbox>
			<xmin>8</xmin>
			<ymin>78</ymin>
			<xmax>91</xmax>
			<ymax>182</ymax>
		</bndbox>
	</object>
	<object>
		<name>Damaged</name>
		<pose>Unspecified</pose>
		<truncated>0</truncated>
		<difficult>0</difficult>
		<bndbox>
			<xmin>155</xmin>
			<ymin>113</ymin>
			<xmax>275</xmax>
			<ymax>154</ymax>
		</bndbox>
	</object>
	<object>
		<name>Damaged</name>
		<pose>Unspecified</pose>
		<truncated>0</truncated>
		<difficult>0</difficult>
		<bndbox>
			<xmin>38</xmin>
			<ymin>6</ymin>
			<xmax>249</xmax>
			<ymax>64</ymax>
		</bndbox>
	</object>
</annotation>