<annotation>
	<folder>my-project-name</folder>
	<filename>Damaged_0_3101.jpeg</filename>
	<path>/my-project-name/Damaged_0_3101.jpeg</path>
	<source>
		<database>Unspecified</database>
	</source>
	<size>
		<width>275</width>
		<height>183</height>
		<depth>3</depth>
	</size>
	<object>
		<name>Damaged</name>
		<pose>Unspecified</pose>
		<truncated>0</truncated>
		<difficult>0</difficult>
		<bndbox>
			<xmin>166</xmin>
			<ymin>131</ymin>
			<xmax>232</xmax>
			<ymax>173</ymax>
		</bndbox>
	</object>
	<object>
		<name>Damaged</name>
		<pose>Unspecified</pose>
		<truncated>0</truncated>
		<difficult>0</difficult>
		<bndbox>
			<xmin>126</xmin>
			<ymin>134</ymin>
			<xmax>148</xmax>
			<ymax>159</ymax>
		</bndbox>
	</object>
</annotation>