<annotation>
	<folder>my-project-name</folder>
	<filename>Damaged_0_1029.jpeg</filename>
	<path>/my-project-name/Damaged_0_1029.jpeg</path>
	<source>
		<database>Unspecified</database>
	</source>
	<size>
		<width>259</width>
		<height>194</height>
		<depth>3</depth>
	</size>
	<object>
		<name>Damaged</name>
		<pose>Unspecified</pose>
		<truncated>0</truncated>
		<difficult>0</difficult>
		<bndbox>
			<xmin>79</xmin>
			<ymin>33</ymin>
			<xmax>231</xmax>
			<ymax>109</ymax>
		</bndbox>
	</object>
	<object>
		<name>Damaged</name>
		<pose>Unspecified</pose>
		<truncated>0</truncated>
		<difficult>0</difficult>
		<bndbox>
			<xmin>73</xmin>
			<ymin>135</ymin>
			<xmax>100</xmax>
			<ymax>167</ymax>
		</bndbox>
	</object>
</annotation>