<annotation>
	<folder>my-project-name</folder>
	<filename>Damaged_0_2729.jpeg</filename>
	<path>/my-project-name/Damaged_0_2729.jpeg</path>
	<source>
		<database>Unspecified</database>
	</source>
	<size>
		<width>259</width>
		<height>194</height>
		<depth>3</depth>
	</size>
	<object>
		<name>Damaged</name>
		<pose>Unspecified</pose>
		<truncated>0</truncated>
		<difficult>0</difficult>
		<bndbox>
			<xmin>67</xmin>
			<ymin>51</ymin>
			<xmax>106</xmax>
			<ymax>125</ymax>
		</bndbox>
	</object>
	<object>
		<name>Damaged</name>
		<pose>Unspecified</pose>
		<truncated>0</truncated>
		<difficult>0</difficult>
		<bndbox>
			<xmin>13</xmin>
			<ymin>99</ymin>
			<xmax>83</xmax>
			<ymax>127</ymax>
		</bndbox>
	</object>
</annotation>