<annotation>
	<folder>my-project-name</folder>
	<filename>Damaged_0_2708.jpeg</filename>
	<path>/my-project-name/Damaged_0_2708.jpeg</path>
	<source>
		<database>Unspecified</database>
	</source>
	<size>
		<width>269</width>
		<height>187</height>
		<depth>3</depth>
	</size>
	<object>
		<name>Damaged</name>
		<pose>Unspecified</pose>
		<truncated>0</truncated>
		<difficult>0</difficult>
		<bndbox>
			<xmin>47</xmin>
			<ymin>32</ymin>
			<xmax>193</xmax>
			<ymax>86</ymax>
		</bndbox>
	</object>
	<object>
		<name>Damaged</name>
		<pose>Unspecified</pose>
		<truncated>0</truncated>
		<difficult>0</difficult>
		<bndbox>
			<xmin>30</xmin>
			<ymin>112</ymin>
			<xmax>170</xmax>
			<ymax>165</ymax>
		</bndbox>
	</object>
</annotation>