<annotation>
	<folder>my-project-name</folder>
	<filename>Damaged_0_1768.jpeg</filename>
	<path>/my-project-name/Damaged_0_1768.jpeg</path>
	<source>
		<database>Unspecified</database>
	</source>
	<size>
		<width>259</width>
		<height>194</height>
		<depth>3</depth>
	</size>
	<object>
		<name>Damaged</name>
		<pose>Unspecified</pose>
		<truncated>0</truncated>
		<difficult>0</difficult>
		<bndbox>
			<xmin>80</xmin>
			<ymin>144</ymin>
			<xmax>106</xmax>
			<ymax>183</ymax>
		</bndbox>
	</object>
	<object>
		<name>Damaged</name>
		<pose>Unspecified</pose>
		<truncated>0</truncated>
		<difficult>0</difficult>
		<bndbox>
			<xmin>153</xmin>
			<ymin>101</ymin>
			<xmax>224</xmax>
			<ymax>136</ymax>
		</bndbox>
	</object>
</annotation>