<annotation>
	<folder>my-project-name</folder>
	<filename>Damaged_0_2532.jpeg</filename>
	<path>/my-project-name/Damaged_0_2532.jpeg</path>
	<source>
		<database>Unspecified</database>
	</source>
	<size>
		<width>265</width>
		<height>190</height>
		<depth>3</depth>
	</size>
	<object>
		<name>Damaged</name>
		<pose>Unspecified</pose>
		<truncated>0</truncated>
		<difficult>0</difficult>
		<bndbox>
			<xmin>150</xmin>
			<ymin>88</ymin>
			<xmax>198</xmax>
			<ymax>138</ymax>
		</bndbox>
	</object>
	<object>
		<name>Damaged</name>
		<pose>Unspecified</pose>
		<truncated>0</truncated>
		<difficult>0</difficult>
		<bndbox>
			<xmin>184</xmin>
			<ymin>79</ymin>
			<xmax>220</xmax>
			<ymax>108</ymax>
		</bndbox>
	</object>
	<object>
		<name>Damaged</name>
		<pose>Unspecified</pose>
		<truncated>0</truncated>
		<difficult>0</difficult>
		<bndbox>
			<xmin>207</xmin>
			<ymin>116</ymin>
			<xmax>222</xmax>
			<ymax>144</ymax>
		</bndbox>
	</object>
	<object>
		<name>Damaged</name>
		<pose>Unspecified</pose>
		<truncated>0</truncated>
		<difficult>0</difficult>
		<bndbox>
			<xmin>99</xmin>
			<ymin>70</ymin>
			<xmax>160</xmax>
			<ymax>137</ymax>
		</bndbox>
	</object>
</annotation>