<annotation>
	<folder>my-project-name</folder>
	<filename>Damaged_0_2722.jpeg</filename>
	<path>/my-project-name/Damaged_0_2722.jpeg</path>
	<source>
		<database>Unspecified</database>
	</source>
	<size>
		<width>300</width>
		<height>168</height>
		<depth>3</depth>
	</size>
	<object>
		<name>Damaged</name>
		<pose>Unspecified</pose>
		<truncated>0</truncated>
		<difficult>0</difficult>
		<bndbox>
			<xmin>124</xmin>
			<ymin>46</ymin>
			<xmax>177</xmax>
			<ymax>110</ymax>
		</bndbox>
	</object>
	<object>
		<name>Damaged</name>
		<pose>Unspecified</pose>
		<truncated>0</truncated>
		<difficult>0</difficult>
		<bndbox>
			<xmin>160</xmin>
			<ymin>44</ymin>
			<xmax>204</xmax>
			<ymax>85</ymax>
		</bndbox>
	</object>
</annotation>