<annotation>
	<folder>my-project-name</folder>
	<filename>Damaged_0_1317.jpeg</filename>
	<path>/my-project-name/Damaged_0_1317.jpeg</path>
	<source>
		<database>Unspecified</database>
	</source>
	<size>
		<width>287</width>
		<height>176</height>
		<depth>3</depth>
	</size>
	<object>
		<name>Damaged</name>
		<pose>Unspecified</pose>
		<truncated>0</truncated>
		<difficult>0</difficult>
		<bndbox>
			<xmin>92</xmin>
			<ymin>21</ymin>
			<xmax>182</xmax>
			<ymax>72</ymax>
		</bndbox>
	</object>
</annotation>