<annotation>
	<folder>my-project-name</folder>
	<filename>Damaged_0_1270.jpeg</filename>
	<path>/my-project-name/Damaged_0_1270.jpeg</path>
	<source>
		<database>Unspecified</database>
	</source>
	<size>
		<width>259</width>
		<height>194</height>
		<depth>3</depth>
	</size>
	<object>
		<name>Damaged</name>
		<pose>Unspecified</pose>
		<truncated>0</truncated>
		<difficult>0</difficult>
		<bndbox>
			<xmin>151</xmin>
			<ymin>38</ymin>
			<xmax>199</xmax>
			<ymax>82</ymax>
		</bndbox>
	</object>
	<object>
		<name>Damaged</name>
		<pose>Unspecified</pose>
		<truncated>0</truncated>
		<difficult>0</difficult>
		<bndbox>
			<xmin>156</xmin>
			<ymin>90</ymin>
			<xmax>223</xmax>
			<ymax>106</ymax>
		</bndbox>
	</object>
	<object>
		<name>Damaged</name>
		<pose>Unspecified</pose>
		<truncated>0</truncated>
		<difficult>0</difficult>
		<bndbox>
			<xmin>147</xmin>
			<ymin>115</ymin>
			<xmax>190</xmax>
			<ymax>140</ymax>
		</bndbox>
	</object>
	<object>
		<name>Damaged</name>
		<pose>Unspecified</pose>
		<truncated>0</truncated>
		<difficult>0</difficult>
		<bndbox>
			<xmin>118</xmin>
			<ymin>154</ymin>
			<xmax>158</xmax>
			<ymax>178</ymax>
		</bndbox>
	</object>
	<object>
		<name>Damaged</name>
		<pose>Unspecified</pose>
		<truncated>0</truncated>
		<difficult>0</difficult>
		<bndbox>
			<xmin>21</xmin>
			<ymin>151</ymin>
			<xmax>45</xmax>
			<ymax>164</ymax>
		</bndbox>
	</object>
</annotation>