<annotation>
	<folder>my-project-name</folder>
	<filename>Damaged_0_1627.jpeg</filename>
	<path>/my-project-name/Damaged_0_1627.jpeg</path>
	<source>
		<database>Unspecified</database>
	</source>
	<size>
		<width>300</width>
		<height>168</height>
		<depth>3</depth>
	</size>
	<object>
		<name>Damaged</name>
		<pose>Unspecified</pose>
		<truncated>0</truncated>
		<difficult>0</difficult>
		<bndbox>
			<xmin>173</xmin>
			<ymin>91</ymin>
			<xmax>227</xmax>
			<ymax>143</ymax>
		</bndbox>
	</object>
	<object>
		<name>Damaged</name>
		<pose>Unspecified</pose>
		<truncated>0</truncated>
		<difficult>0</difficult>
		<bndbox>
			<xmin>250</xmin>
			<ymin>125</ymin>
			<xmax>271</xmax>
			<ymax>152</ymax>
		</bndbox>
	</object>
</annotation>