<annotation>
	<folder>my-project-name</folder>
	<filename>Damaged_0_2418.jpeg</filename>
	<path>/my-project-name/Damaged_0_2418.jpeg</path>
	<source>
		<database>Unspecified</database>
	</source>
	<size>
		<width>266</width>
		<height>190</height>
		<depth>3</depth>
	</size>
	<object>
		<name>Damaged</name>
		<pose>Unspecified</pose>
		<truncated>0</truncated>
		<difficult>0</difficult>
		<bndbox>
			<xmin>14</xmin>
			<ymin>35</ymin>
			<xmax>97</xmax>
			<ymax>166</ymax>
		</bndbox>
	</object>
	<object>
		<name>Damaged</name>
		<pose>Unspecified</pose>
		<truncated>0</truncated>
		<difficult>0</difficult>
		<bndbox>
			<xmin>139</xmin>
			<ymin>53</ymin>
			<xmax>174</xmax>
			<ymax>120</ymax>
		</bndbox>
	</object>
	<object>
		<name>Damaged</name>
		<pose>Unspecified</pose>
		<truncated>0</truncated>
		<difficult>0</difficult>
		<bndbox>
			<xmin>156</xmin>
			<ymin>36</ymin>
			<xmax>201</xmax>
			<ymax>60</ymax>
		</bndbox>
	</object>
</annotation>