<annotation>
	<folder>my-project-name</folder>
	<filename>Damaged_0_3120.jpeg</filename>
	<path>/my-project-name/Damaged_0_3120.jpeg</path>
	<source>
		<database>Unspecified</database>
	</source>
	<size>
		<width>244</width>
		<height>206</height>
		<depth>3</depth>
	</size>
	<object>
		<name>Damaged</name>
		<pose>Unspecified</pose>
		<truncated>0</truncated>
		<difficult>0</difficult>
		<bndbox>
			<xmin>94</xmin>
			<ymin>59</ymin>
			<xmax>244</xmax>
			<ymax>200</ymax>
		</bndbox>
	</object>
</annotation>