<annotation>
	<folder>my-project-name</folder>
	<filename>Damaged_0_2342.jpeg</filename>
	<path>/my-project-name/Damaged_0_2342.jpeg</path>
	<source>
		<database>Unspecified</database>
	</source>
	<size>
		<width>286</width>
		<height>176</height>
		<depth>3</depth>
	</size>
	<object>
		<name>Damaged</name>
		<pose>Unspecified</pose>
		<truncated>0</truncated>
		<difficult>0</difficult>
		<bndbox>
			<xmin>142</xmin>
			<ymin>105</ymin>
			<xmax>217</xmax>
			<ymax>165</ymax>
		</bndbox>
	</object>
	<object>
		<name>Damaged</name>
		<pose>Unspecified</pose>
		<truncated>0</truncated>
		<difficult>0</difficult>
		<bndbox>
			<xmin>237</xmin>
			<ymin>121</ymin>
			<xmax>278</xmax>
			<ymax>151</ymax>
		</bndbox>
	</object>
</annotation>