<annotation>
	<folder>my-project-name</folder>
	<filename>Damaged_0_2053.jpeg</filename>
	<path>/my-project-name/Damaged_0_2053.jpeg</path>
	<source>
		<database>Unspecified</database>
	</source>
	<size>
		<width>266</width>
		<height>189</height>
		<depth>3</depth>
	</size>
	<object>
		<name>Damaged</name>
		<pose>Unspecified</pose>
		<truncated>0</truncated>
		<difficult>0</difficult>
		<bndbox>
			<xmin>179</xmin>
			<ymin>139</ymin>
			<xmax>248</xmax>
			<ymax>168</ymax>
		</bndbox>
	</object>
	<object>
		<name>Damaged</name>
		<pose>Unspecified</pose>
		<truncated>0</truncated>
		<difficult>0</difficult>
		<bndbox>
			<xmin>22</xmin>
			<ymin>26</ymin>
			<xmax>61</xmax>
			<ymax>80</ymax>
		</bndbox>
	</object>
</annotation>