<annotation>
	<folder>my-project-name</folder>
	<filename>Damaged_0_2400.jpeg</filename>
	<path>/my-project-name/Damaged_0_2400.jpeg</path>
	<source>
		<database>Unspecified</database>
	</source>
	<size>
		<width>296</width>
		<height>170</height>
		<depth>3</depth>
	</size>
	<object>
		<name>Damaged</name>
		<pose>Unspecified</pose>
		<truncated>0</truncated>
		<difficult>0</difficult>
		<bndbox>
			<xmin>44</xmin>
			<ymin>64</ymin>
			<xmax>193</xmax>
			<ymax>142</ymax>
		</bndbox>
	</object>
	<object>
		<name>Damaged</name>
		<pose>Unspecified</pose>
		<truncated>0</truncated>
		<difficult>0</difficult>
		<bndbox>
			<xmin>223</xmin>
			<ymin>110</ymin>
			<xmax>263</xmax>
			<ymax>141</ymax>
		</bndbox>
	</object>
	<object>
		<name>Damaged</name>
		<pose>Unspecified</pose>
		<truncated>0</truncated>
		<difficult>0</difficult>
		<bndbox>
			<xmin>265</xmin>
			<ymin>99</ymin>
			<xmax>285</xmax>
			<ymax>123</ymax>
		</bndbox>
	</object>
	<object>
		<name>Damaged</name>
		<pose>Unspecified</pose>
		<truncated>0</truncated>
		<difficult>0</difficult>
		<bndbox>
			<xmin>289</xmin>
			<ymin>75</ymin>
			<xmax>296</xmax>
			<ymax>90</ymax>
		</bndbox>
	</object>
</annotation>