<annotation>
	<folder>my-project-name</folder>
	<filename>Damaged_0_3041.jpeg</filename>
	<path>/my-project-name/Damaged_0_3041.jpeg</path>
	<source>
		<database>Unspecified</database>
	</source>
	<size>
		<width>260</width>
		<height>194</height>
		<depth>3</depth>
	</size>
	<object>
		<name>Damaged</name>
		<pose>Unspecified</pose>
		<truncated>0</truncated>
		<difficult>0</difficult>
		<bndbox>
			<xmin>97</xmin>
			<ymin>7</ymin>
			<xmax>154</xmax>
			<ymax>45</ymax>
		</bndbox>
	</object>
	<object>
		<name>Damaged</name>
		<pose>Unspecified</pose>
		<truncated>0</truncated>
		<difficult>0</difficult>
		<bndbox>
			<xmin>103</xmin>
			<ymin>92</ymin>
			<xmax>156</xmax>
			<ymax>129</ymax>
		</bndbox>
	</object>
</annotation>