<annotation>
	<folder>my-project-name</folder>
	<filename>Damaged_0_209.jpeg</filename>
	<path>/my-project-name/Damaged_0_209.jpeg</path>
	<source>
		<database>Unspecified</database>
	</source>
	<size>
		<width>274</width>
		<height>184</height>
		<depth>3</depth>
	</size>
	<object>
		<name>Damaged</name>
		<pose>Unspecified</pose>
		<truncated>0</truncated>
		<difficult>0</difficult>
		<bndbox>
			<xmin>14</xmin>
			<ymin>10</ymin>
			<xmax>42</xmax>
			<ymax>33</ymax>
		</bndbox>
	</object>
	<object>
		<name>Damaged</name>
		<pose>Unspecified</pose>
		<truncated>0</truncated>
		<difficult>0</difficult>
		<bndbox>
			<xmin>36</xmin>
			<ymin>115</ymin>
			<xmax>55</xmax>
			<ymax>142</ymax>
		</bndbox>
	</object>
	<object>
		<name>Damaged</name>
		<pose>Unspecified</pose>
		<truncated>0</truncated>
		<difficult>0</difficult>
		<bndbox>
			<xmin>59</xmin>
			<ymin>78</ymin>
			<xmax>101</xmax>
			<ymax>93</ymax>
		</bndbox>
	</object>
	<object>
		<name>Damaged</name>
		<pose>Unspecified</pose>
		<truncated>0</truncated>
		<difficult>0</difficult>
		<bndbox>
			<xmin>97</xmin>
			<ymin>122</ymin>
			<xmax>105</xmax>
			<ymax>142</ymax>
		</bndbox>
	</object>
	<object>
		<name>Damaged</name>
		<pose>Unspecified</pose>
		<truncated>0</truncated>
		<difficult>0</difficult>
		<bndbox>
			<xmin>128</xmin>
			<ymin>54</ymin>
			<xmax>164</xmax>
			<ymax>76</ymax>
		</bndbox>
	</object>
</annotation>