<annotation>
	<folder>my-project-name</folder>
	<filename>Damaged_0_1721.jpeg</filename>
	<path>/my-project-name/Damaged_0_1721.jpeg</path>
	<source>
		<database>Unspecified</database>
	</source>
	<size>
		<width>244</width>
		<height>207</height>
		<depth>3</depth>
	</size>
	<object>
		<name>Damaged</name>
		<pose>Unspecified</pose>
		<truncated>0</truncated>
		<difficult>0</difficult>
		<bndbox>
			<xmin>37</xmin>
			<ymin>96</ymin>
			<xmax>106</xmax>
			<ymax>170</ymax>
		</bndbox>
	</object>
	<object>
		<name>Damaged</name>
		<pose>Unspecified</pose>
		<truncated>0</truncated>
		<difficult>0</difficult>
		<bndbox>
			<xmin>71</xmin>
			<ymin>82</ymin>
			<xmax>131</xmax>
			<ymax>103</ymax>
		</bndbox>
	</object>
</annotation>