<annotation>
	<folder>my-project-name</folder>
	<filename>Damaged_0_1827.jpeg</filename>
	<path>/my-project-name/Damaged_0_1827.jpeg</path>
	<source>
		<database>Unspecified</database>
	</source>
	<size>
		<width>300</width>
		<height>168</height>
		<depth>3</depth>
	</size>
	<object>
		<name>Damaged</name>
		<pose>Unspecified</pose>
		<truncated>0</truncated>
		<difficult>0</difficult>
		<bndbox>
			<xmin>150</xmin>
			<ymin>14</ymin>
			<xmax>259</xmax>
			<ymax>60</ymax>
		</bndbox>
	</object>
	<object>
		<name>Damaged</name>
		<pose>Unspecified</pose>
		<truncated>0</truncated>
		<difficult>0</difficult>
		<bndbox>
			<xmin>35</xmin>
			<ymin>58</ymin>
			<xmax>255</xmax>
			<ymax>143</ymax>
		</bndbox>
	</object>
</annotation>