<annotation>
	<folder>my-project-name</folder>
	<filename>Damaged_0_1166.jpeg</filename>
	<path>/my-project-name/Damaged_0_1166.jpeg</path>
	<source>
		<database>Unspecified</database>
	</source>
	<size>
		<width>256</width>
		<height>197</height>
		<depth>3</depth>
	</size>
	<object>
		<name>Damaged</name>
		<pose>Unspecified</pose>
		<truncated>0</truncated>
		<difficult>0</difficult>
		<bndbox>
			<xmin>90</xmin>
			<ymin>115</ymin>
			<xmax>256</xmax>
			<ymax>197</ymax>
		</bndbox>
	</object>
	<object>
		<name>Damaged</name>
		<pose>Unspecified</pose>
		<truncated>0</truncated>
		<difficult>0</difficult>
		<bndbox>
			<xmin>221</xmin>
			<ymin>80</ymin>
			<xmax>256</xmax>
			<ymax>116</ymax>
		</bndbox>
	</object>
</annotation>