<annotation>
	<folder>my-project-name</folder>
	<filename>Damaged_0_3079.jpeg</filename>
	<path>/my-project-name/Damaged_0_3079.jpeg</path>
	<source>
		<database>Unspecified</database>
	</source>
	<size>
		<width>259</width>
		<height>194</height>
		<depth>3</depth>
	</size>
	<object>
		<name>Damaged</name>
		<pose>Unspecified</pose>
		<truncated>0</truncated>
		<difficult>0</difficult>
		<bndbox>
			<xmin>162</xmin>
			<ymin>69</ymin>
			<xmax>239</xmax>
			<ymax>112</ymax>
		</bndbox>
	</object>
</annotation>